Precio_Brent,Precio_Surtidor_Litro,Costo_M2_Obra_Muni,Eficiencia_Aparato_Estatal,Ingreso_Neto_Real_Ciudadano
77.93075408006112,1218.4049036099898,30779.26822428279,0.55,649645.998729324
83.13813984094627,1271.682497665338,27269.77343012562,0.55,649674.700365979
67.97364742377516,1125.1038358469543,29158.407785810374,0.55,649673.4034618402
64.09592252249583,1091.0978715523077,31079.662839394005,0.55,649658.2716270197
51.097941466543624,966.7788309663364,33641.021922809545,0.55,649647.5763210559
86.65947578383441,1277.5784240183793,27287.563990635546,0.55,649673.8149492114
75.19988760691257,1176.341109373397,30636.08500145641,0.55,649652.4782168606
77.46877613936194,1220.4302274713766,25771.745348835495,0.55,649695.8309192151
65.59686148193263,1101.225826563797,32449.957288206002,0.55,649643.3533279303
89.71797635143153,1304.6512604053896,31485.582389939274,0.55,649628.586024852
86.3184069321362,1296.4125243232884,31031.862335806945,0.55,649634.1118737232
73.53811342214772,1171.0682331415721,31029.050239575008,0.55,649649.1813096273
68.32963850517261,1136.4960286542164,28351.353175750155,0.55,649680.106944804
70.71970339129705,1143.0222565836746,31606.29408936686,0.55,649646.7743883163
65.4164934909042,1109.4090855963582,31004.657223932947,0.55,649656.8243374891
75.31876979088649,1184.6290286869198,28610.947461163367,0.55,649671.7350419459
67.60598736359343,1141.3969015389234,28155.978049239344,0.55,649681.4725913228
82.0265102465045,1247.416980615361,33201.74920332233,0.55,649618.292470293
70.68637710409507,1127.074829739993,28404.993653699654,0.55,649680.7010838941
70.7525152327277,1141.3832643849862,31811.35170709801,0.55,649644.9204912029
93.44703605042389,1321.474145521796,27969.368611036618,0.55,649661.7294164271
66.29136572937534,1119.0903300605814,28132.982438645813,0.55,649684.3793360062
56.185009344654425,1037.4098973513796,31997.743426837962,0.55,649655.5333780495
79.39458230888937,1225.5609220051006,35801.92610604364,0.55,649594.913428299
50.065577863087526,966.335827281404,30676.6742468247,0.55,649677.272958258
78.17254362990865,1194.2960248983863,29998.879115025793,0.55,649656.6956858619
86.7806417027117,1283.411242341032,32091.55146793775,0.55,649625.0751362396
75.84138036904936,1181.6841691541204,27527.065800781656,0.55,649682.9272416937
75.11130089155448,1199.4646629073286,30576.93014023653,0.55,649650.2949390487
50.39268777300535,970.8276454757926,28539.969696348304,0.55,649698.1009855794
81.66364422670546,1247.7276334699575,25624.98931971959,0.55,649694.0227907863
79.75551080695934,1217.5558142388945,35070.07667241268,0.55,649603.1925355672
60.93602689950599,1082.1616027135574,29004.638167718218,0.55,649680.0942259972
97.95804896695444,1363.3010428588216,27967.024789361978,0.55,649656.7336269632
60.31180559111729,1055.1572212547735,28847.10945647071,0.55,649684.9100388847
54.84851565939421,1023.0248613934857,27081.80922597236,0.55,649706.4189243731
53.26730676107202,1026.1068322512397,29086.045008749552,0.55,649686.0067300424
75.31165088785272,1165.7381274056588,21735.568864374654,0.55,649742.7557360675
79.05445500176516,1199.7587297534953,30833.232080070527,0.55,649647.6966316288
80.29168693121571,1236.3359741899064,24992.47806950501,0.55,649701.7149024023
70.95168026141413,1174.0651378793077,24128.024263157768,0.55,649717.8319408229
65.24789973556966,1114.7851653933978,33789.12192450262,0.55,649628.3345609078
85.1131749840965,1280.7637750552276,31919.989120080056,0.55,649627.1084557927
64.22897536125863,1077.5706683788858,26052.653250677304,0.55,649710.1649872877
60.48191752824201,1065.8467531853246,33416.017098097,0.55,649637.9382186368
91.81578800991856,1334.3106313996132,31360.342052912754,0.55,649626.2793037029
77.1308580977142,1205.7689724258762,29645.495678370793,0.55,649658.8527665252
80.65547874469178,1236.9212082909148,29585.750704019032,0.55,649655.711947965
82.51008845573404,1259.3327964343418,27046.162419555963,0.55,649678.4184402323
68.13843469200819,1090.0784443324912,28673.295939171596,0.55,649682.4576272884
68.60564896798175,1099.993489854541,36725.32053405692,0.55,649600.7475758769
82.68698019678774,1231.674519457414,29647.778474969327,0.55,649655.7212729154
67.59418531346749,1123.3023247362003,27821.943041294613,0.55,649686.9842906187
79.03224829733604,1212.8009758039336,31537.453904900984,0.55,649639.0893438546
73.92648536486284,1155.5021776766946,30727.670500568645,0.55,649654.0630336731
60.668741809904034,1087.7959539057254,26913.308215337216,0.55,649700.3314033779
86.59668922719378,1279.4359879901542,28848.99172132678,0.55,649657.977764228
59.527656602372346,1056.8014864383388,26526.89320765845,0.55,649707.9148895508
77.79556133435726,1222.203799148172,35434.84529707727,0.55,649598.9870911315
75.80381614913802,1223.3156220108172,31579.905115364727,0.55,649637.4030742052
90.19933460752716,1312.0975093881211,26969.747699592415,0.55,649672.8508218776
61.564497317958235,1073.8445383258195,29997.360387549073,0.55,649671.1650515255
68.48163958123715,1110.8245954438605,34484.332510894965,0.55,649621.8577234377
73.79632146231805,1173.6893490357393,30879.796956382746,0.55,649650.3593085519
77.17016476179705,1184.0000296823673,30057.4165473681,0.55,649657.3458309644
85.4214857248531,1265.8202038154518,30935.36846286737,0.55,649638.7478909134
78.7331829562975,1227.5457040616243,26871.743227355888,0.55,649683.977083239
75.29832698651943,1192.4614145529831,31553.340691545705,0.55,649641.3712233382
87.3400534782396,1303.0414676446521,26260.526173346523,0.55,649681.0297621491
100.15276251253566,1400.8497671296027,31127.784389207693,0.55,649620.6201840524
58.733699500729976,1064.630551439356,34289.305700728815,0.55,649629.35127682
74.93104096020878,1169.2578125733996,29575.86687377172,0.55,649663.9303937535
84.11567875182888,1279.8382106142037,31774.228887493417,0.55,649628.6771258514
76.02891187099658,1184.6878417354324,28054.560366627757,0.55,649677.2918553256
92.21565320461194,1324.3609056810903,31165.068266729922,0.55,649629.426008651
70.9899310246584,1146.0001229024574,26999.137304154126,0.55,649692.4886122101
62.83195584816656,1109.2494894014026,22447.012437821704,0.55,649742.4199368936
85.44612875858776,1261.5004249332949,30429.87872120385,0.55,649644.321161796
41.72520408031297,910.6681305390108,31881.181153499936,0.55,649671.9080128003
69.29089443369804,1142.6175946886115,28974.84806354791,0.55,649673.1374080019
103.39295530813968,1425.9125231462122,27872.70256447733,0.55,649650.1634715777
75.31492306888921,1175.3768340554402,29640.784782844334,0.55,649662.5469320848
79.29317082134888,1203.65363146323,31388.740976803405,0.55,649641.6741544564
63.58072706542897,1070.8154345134121,34477.6125075637,0.55,649626.7260227827
74.72175767783426,1198.5308678248703,32742.12055708097,0.55,649628.7550902902
73.29361389638153,1158.2901145667374,31906.148226993802,0.55,649641.943703982
97.30003720859459,1354.790516802048,27552.804259393146,0.55,649661.8970953898
62.87901188855571,1096.47906177018,28141.352685532576,0.55,649687.0089857323
41.85883624481539,913.7741915828752,22467.853563636505,0.55,649765.6685613736
79.87981348968927,1225.2385669811863,29492.577185031583,0.55,649658.045600112
93.60018971450548,1333.729116900554,30612.471086120306,0.55,649633.8277951106
66.73601333961358,1073.6379406844237,35206.62724188952,0.55,649619.097174699
53.1176472722986,987.8861807937453,21131.640230331475,0.55,649770.1372560015
62.12613783001491,1073.0925038498615,28931.628930380222,0.55,649681.9126102342
80.20283568431633,1212.265200504038,25707.115152051174,0.55,649697.4570244191
68.25289644778557,1111.3261605489697,29575.51109463152,0.55,649670.8857497878
75.50852512706143,1219.5402178504505,27761.938378816318,0.55,649676.0357900697
46.70980115487779,919.7931112028115,36818.06103781137,0.55,649621.4442162775
68.75564356160147,1136.0385287159927,34030.269466366386,0.55,649623.3726818905
84.4591950322619,1252.2354699704538,30571.866423836953,0.55,649644.0130793652
71.82407571124548,1160.3373408059124,30325.686207703067,0.55,649657.5026570263
62.7114926702429,1062.231932598794,22993.977982260672,0.55,649742.5923882655
87.62315595533211,1308.8605237569411,30042.466989471035,0.55,649642.5120672544
86.84374185652817,1279.2662271543313,28712.695286792346,0.55,649659.3610998736
69.41513826575118,1162.6893326417694,32096.195399348722,0.55,649639.5153260895
66.09800534706697,1129.5425727898007,27780.131419128145,0.55,649686.653577074
90.33674163419194,1300.1375715186618,26668.110682696944,0.55,649677.3023845907
68.40085843772023,1113.3346033165383,33376.70631902861,0.55,649632.6327844118
73.03965182662682,1147.986363458858,27945.850887218487,0.55,649682.7831275128
96.61160536989453,1351.8640875693413,30643.86494274573,0.55,649631.3376600642
77.2423227685338,1221.6397265829864,31772.378899431205,0.55,649635.6794438157
69.05495415030877,1158.4506813393373,35841.95415238925,0.55,649602.5663767153
51.28304407872549,974.9686361278663,30121.039094670872,0.55,649681.7933727179
75.42487769168785,1204.2242864547325,30837.730627719542,0.55,649647.1157793483
73.96091480049483,1174.7201173089597,32798.91209528867,0.55,649631.04446497
67.51390261740133,1116.9289037990916,33639.4168617041,0.55,649629.574362927
86.10656453020164,1275.9068133362257,27248.330374700377,0.55,649674.4078786527
59.50303616824685,1065.2619116032154,30460.415059427392,0.55,649667.5644200133
56.0054832911843,993.6151684469212,34257.1175852709,0.55,649638.1950039337
65.54202537887898,1098.870868843318,25561.87559556223,0.55,649712.5167397832
74.3470600983845,1169.5503922428416,31815.291744004553,0.55,649641.5010354908
56.64072390667577,1041.5201240193733,19883.39497549321,0.55,649776.1836353628
60.49595405568982,1073.0463861396513,29818.48018404059,0.55,649673.0496318227
64.4626402684239,1110.581881524988,28404.321127575997,0.55,649682.6869629413
73.90577551752007,1184.8214176969525,31573.550821427296,0.55,649642.0859216622
65.75798807994468,1111.7431031885642,30767.568068232726,0.55,649658.915146935
85.87747744352643,1264.0432972597655,29754.136213512404,0.55,649650.7734421937
47.54060721768454,956.4307920854366,32793.312217976985,0.55,649657.2951827699
78.84714293368819,1211.4326470167439,28197.3503569215,0.55,649672.6545787888
66.80740529489711,1107.4001817209207,26804.71737667644,0.55,649699.0648044267
79.47789539077253,1188.8865337274326,24962.55756916137,0.55,649707.7080402612
97.601216178054,1391.7371235748121,30302.69226701423,0.55,649629.9646225008
73.04151555219939,1153.3517640903053,36524.1920336741,0.55,649596.3558679725
76.2372164011472,1194.4788445276129,31996.24002177161,0.55,649636.700138439
83.90361138217654,1288.2798772557169,30492.164949860417,0.55,649640.4847652307
57.95042051096256,1054.1466250851354,23842.53114911059,0.55,649735.0770934987
81.82031711861084,1235.0935751954999,33197.86923802817,0.55,649619.8100785963
83.66826237206037,1295.5033520982656,34318.99305594084,0.55,649601.3496671888
72.25724556808188,1177.1653308513587,28291.590877914146,0.55,649675.8242515187
81.73524673421724,1228.8717680851285,26581.498458391008,0.55,649686.7204032459
75.44296608677976,1181.4821685596041,25374.3021777279,0.55,649704.4791179956
64.74512855305552,1113.6967782002675,25228.69379438481,0.55,649714.0694486721
58.12991139749909,1054.8174167880582,30834.209270028867,0.55,649665.0798172852
85.67933330034028,1281.0371927619212,32801.45709069697,0.55,649618.2609659616
95.27543235153476,1337.7884219759273,31011.464298111983,0.55,649629.3507463818
64.4781477557027,1094.335581508677,34713.4410943182,0.55,649621.5453192758
78.33993852729348,1225.699408937619,29902.0819163927,0.55,649653.8952517636
59.361594361575285,1081.1951510273557,28964.89662538851,0.55,649680.6076156228
68.29257220399498,1130.4992919650906,28952.191712449643,0.55,649674.8181678397
67.99793075919388,1122.5837953122334,29687.904497412663,0.55,649668.4108995884
60.28187130266855,1057.0882711774111,36608.863794810226,0.55,649607.0607695106
73.06909409898356,1176.1083400846128,31800.510224117785,0.55,649640.8618969487
85.87339019096547,1249.2658188126836,32380.280288355538,0.55,649626.2852988589
80.70659136759345,1226.8114600018473,34679.72689151596,0.55,649605.9853558847
67.79325881807256,1121.9115017538074,27670.02808792723,0.55,649688.6703389103
91.0767041351747,1325.901857997852,36947.82963539945,0.55,649571.4134806863
76.64653758843723,1197.5721092618676,27130.439118010912,0.55,649684.9869557084
95.65815730223382,1355.4814731146553,32334.980885447716,0.55,649613.9924143717
58.372961743002655,1036.642649209809,34466.01102356509,0.55,649630.9427718591
110.27453353153098,1483.8158739792887,30627.92208357246,0.55,649615.6628742868
71.95684559036025,1166.8826084695922,31731.448223313822,0.55,649642.6596047505
59.89310087684492,1062.8225499177715,28831.41589927704,0.55,649684.1471350171
61.29112444796705,1083.7489115644207,28595.21762042563,0.55,649683.9979544079
85.29303907705652,1265.323983995283,30670.692441317642,0.55,649641.4541975074
84.9673162663962,1278.1229003873034,29110.46366428407,0.55,649655.5206153106
83.86143552074486,1236.642273429273,29727.172357317384,0.55,649654.3312036153
81.4220785029209,1234.008398727362,30882.068701563803,0.55,649643.098305137
60.59518418082041,1084.4099270103495,31967.56291660289,0.55,649650.1951795927
72.40401890398425,1149.4353523353302,30502.90581851482,0.55,649657.0386995346
46.38403570728063,953.5458177105312,26617.278590865244,0.55,649719.401715966
63.65272624224021,1079.3816330257566,29639.3536681673,0.55,649674.0806673552
82.2012707432914,1247.5033053935956,27911.24882397859,0.55,649671.187115113
51.63084259486124,964.1707355658698,30890.524050632084,0.55,649675.3942712258
102.69842188825929,1445.234037676834,32084.566252658857,0.55,649605.7262529522
89.41766204700401,1329.2677659065052,31469.250449933148,0.55,649625.7953635919
60.48935717140696,1051.3755665523522,30493.408709664654,0.55,649668.9008449172
82.95568889859598,1236.647316547305,31289.581545790857,0.55,649638.7065065564
80.94610811849482,1210.783541823523,28073.533561012697,0.55,649673.9706393711
72.62369590918603,1168.1745162954553,34798.23854663585,0.55,649611.8366725782
81.37622053998702,1241.8547324767303,33464.05845910136,0.55,649616.3368475118
71.10860654750653,1160.7406122705302,27799.879381869177,0.55,649682.7123327089
74.09526079917866,1183.951023620335,29567.34998206345,0.55,649662.2523773449
80.94120147949403,1220.4151278412696,31354.93233053058,0.55,649640.0008613538
80.15562607872366,1244.7271132242581,31297.424090411587,0.55,649637.658505509
78.497818800472,1238.1050541384038,30043.635337884167,0.55,649650.9910401246
78.75137244937632,1212.066223877161,26644.725186590887,0.55,649688.1048012689
86.25612931421419,1271.295005138853,33112.59236263948,0.55,649616.318675757
84.15780018901916,1259.0792156588493,31477.162682920618,0.55,649634.1388672917
60.52425693464455,1056.8743430464974,29134.1237322132,0.55,649681.8338415123
65.70865616019437,1119.6402804170152,28871.408453275606,0.55,649676.9290818172
92.37654233365826,1345.4370162899609,27003.76753991715,0.55,649668.509882646
93.61395985598713,1351.6091322710565,25155.897542609066,0.55,649686.2479287013
81.57015824943906,1235.8813228443182,30244.131394158227,0.55,649649.252927317
71.61450265619806,1157.1474362576953,34695.13538314219,0.55,649614.1909538177
84.78168345841328,1282.963744563378,32902.76968007202,0.55,649617.0166538516
83.13029040192438,1263.1271926611612,30690.56227763715,0.55,649641.5191141043
56.39852897509343,1031.063410003242,32904.4033127149,0.55,649647.2283576725
75.79257903454487,1196.94800930773,30032.596321717894,0.55,649656.0402756659
58.17922549905651,1060.1028183859128,25613.392329056125,0.55,649716.6537385031
69.47459564311424,1132.806204429917,24009.44475170985,0.55,649723.9688079513
75.37882282195507,1172.9012670358215,33222.14568509385,0.55,649627.0303911048
95.64439894549326,1354.2077887162338,26785.67428044563,0.55,649669.6383225496
49.60205708145108,998.8914993833959,32389.939201963556,0.55,649656.2336280544
70.72311790755477,1136.9278353069863,29711.25688336193,0.55,649666.4560909296
83.18985940089901,1272.5782142680212,31349.17981879112,0.55,649633.7988160999
83.00841581859959,1236.1665074887528,29815.64013149437,0.55,649653.5036177865
85.21192188219814,1271.7927121704408,34796.55923884966,0.55,649599.419282151
63.076034149839344,1094.2934932733158,30491.221678719372,0.55,649663.77256402
73.44931168023,1166.2662483882243,29169.314993343924,0.55,649668.35490026
69.44925273817142,1128.577011927753,32679.218202276952,0.55,649637.7785765459
90.72322487091247,1324.0424333296571,33424.123887742884,0.55,649606.873669123
73.34649850816076,1155.449645009041,30959.695041035637,0.55,649651.7490921885
75.21674499092626,1203.1626820512454,28351.402165638476,0.55,649672.1064564975
77.29255889892163,1195.535502941868,24082.710022778196,0.55,649715.7086394192
59.2866103889308,1059.604278224089,31291.993189251407,0.55,649659.9275547205
81.21118053211885,1228.6601183156029,28405.9102589834,0.55,649668.5016832122
61.73537800065651,1071.1198196255134,28817.349714953227,0.55,649683.2921244955
77.19787429306805,1201.4515028355227,31343.29308162156,0.55,649642.3928888435
66.29427750868994,1126.1727261955364,31311.213349216505,0.55,649651.7471393644
89.3794170974812,1315.2719309762144,35720.35133014149,0.55,649584.9638549814
75.4547961209213,1171.531170663517,29856.514584592707,0.55,649660.8511136745
98.17134499931878,1359.0710817807517,26540.07949489318,0.55,649671.5106752374
48.19198069180816,940.7735778215905,32676.951054963774,0.55,649660.3376601118
91.46806239845526,1311.492015066505,34829.415469390224,0.55,649594.3268034981
85.3198963974534,1287.8362788068812,30613.441160609327,0.55,649639.325234937
78.5103963657479,1216.961572398148,24678.500809419478,0.55,649707.1796032181
101.48654623463555,1425.077308965738,27024.657985148322,0.55,649658.7441430726
57.863257823183346,1028.2204007364958,31088.840678220557,0.55,649665.7251451295
77.5509938225454,1202.1635293529557,36207.902616249914,0.55,649593.6613503151
89.96658603240087,1304.6079431654007,32644.364135983596,0.55,649617.0034054604
82.2863704572222,1223.1677275837062,32942.62829999933,0.55,649623.7935896899
70.45762155730273,1164.4995304641466,30912.01884380548,0.55,649651.1398679062
82.77541646940882,1234.1666611732405,23715.434538186153,0.55,649714.7456552773
70.01734022274371,1124.0326152361263,30646.139431378244,0.55,649658.6546918579
70.91103487297347,1154.6557575080624,29018.69711894143,0.55,649671.2543379096
67.05576060620794,1133.1080101372245,24453.657274383822,0.55,649719.4904660397
87.65111792913397,1303.719318379614,31397.95805339574,0.55,649629.5741012605
78.74570936827335,1224.0797133842839,31043.31236625071,0.55,649642.6773107314
105.19724298445763,1462.7096984153263,29247.10292394708,0.55,649632.0038069506
85.16336101026452,1261.6346734117462,30185.473750373334,0.55,649646.7491016869
57.199035498151304,1009.1322760285386,32891.98190778999,0.55,649649.9843077987
84.63075897481009,1274.3503549599077,24945.168288196626,0.55,649697.6262745229
61.93435578964687,1069.059234060757,29646.160191219715,0.55,649675.2512900005
71.68595079978414,1166.1732716330466,26286.86311884082,0.55,649697.1905762156
76.69362087972844,1227.737412764305,31706.96797898085,0.55,649635.6018306784
61.915427158776986,1090.3047337122625,24240.603138306917,0.55,649726.7574005715
68.93509550532112,1138.6361381782863,31216.961717142407,0.55,649651.1940462472
66.91389927032502,1108.1439080541638,29056.242309359088,0.55,649676.4603079399
76.69096656449005,1215.7535339051988,28153.73643746236,0.55,649672.5722115567
74.11779941249172,1193.4804256764724,32486.866568711284,0.55,649631.9136832317
73.74986364140834,1186.5698341170153,33636.48707185802,0.55,649621.2467491874
95.47585589204286,1361.9086125703411,32970.91481531267,0.55,649606.8618183385
81.50942539065463,1226.5169240912064,29975.217751451637,0.55,649653.0657915946
80.19583308435307,1233.0929639960002,35986.02289059072,0.55,649592.1686154145
88.16758865737923,1315.4466783930682,29128.746756170185,0.55,649650.8589310312
97.34737393923507,1363.514352682099,32541.118052517024,0.55,649610.967097153
91.77894324990277,1336.4259645900781,29448.500579323085,0.55,649645.1438784559
62.33944802994088,1108.4069386298834,25911.427268941232,0.55,649707.876894675
81.3375543861876,1249.0125936075426,31110.040111984435,0.55,649639.0180876473
84.28604662906046,1272.9354883288079,28593.627351500232,0.55,649661.3114678855
86.56432075345649,1285.60756522887,31428.991994830227,0.55,649631.4371722242
73.30678648036044,1182.3278649699096,34085.481046443165,0.55,649617.2658457392
75.8639000247026,1239.0277639241042,33250.951347857896,0.55,649618.8071548505
64.36622515794338,1084.5823273281296,33219.4991879131,0.55,649637.6551288414
70.5774303290986,1137.7892766392306,35340.979092585825,0.55,649610.0554958774
61.00308631464538,1072.002833730246,28217.497374560193,0.55,649689.1846862067
90.28807743717076,1299.5863812918258,28460.93928988514,0.55,649659.4402413461
68.76634870712698,1120.418857162735,33378.630013425114,0.55,649631.7634370062
63.8078037227606,1076.0474912142815,32531.248594163564,0.55,649645.5618151126
78.5440516011212,1215.3425816838328,27861.920540606036,0.55,649675.5396847919
76.2813754485065,1165.4148082114468,27549.65896019133,0.55,649684.6536334127
66.76491718995172,1105.0804447799292,30344.516485830478,0.55,649663.9451817682
79.51970864789712,1205.8156487347628,34690.997643615985,0.55,649608.3921457157
67.48571200978391,1115.127290024491,27173.543480066928,0.55,649694.4492903964
81.11962479468906,1243.3410867469918,27935.818364957497,0.55,649671.4408859408
74.6759302753847,1188.8368000673274,28039.569583740504,0.55,649676.9438881545
77.60879814038633,1208.1854578085465,24230.61683738866,0.55,649712.711576689
70.42729754101319,1154.2819480661835,34272.12293532101,0.55,649618.7649368788
66.96663082552315,1112.2658588093564,32498.588512007133,0.55,649641.5422118228
78.06081688198728,1209.2842137548841,27387.48949690474,0.55,649681.0109993804
56.145998556972124,1013.9242345424475,31092.401626188064,0.55,649667.405075593
91.61688118943246,1327.2440019914507,31741.260998921556,0.55,649623.3181097718
69.53170923703601,1133.327303339168,30049.81855771028,0.55,649663.5025380222
99.9201307714531,1370.1007224133423,26122.673847677634,0.55,649674.3611748336
83.06156425290291,1253.0450301740366,34417.117087754996,0.55,649605.4634255016
73.88426979706063,1208.8678480760163,29713.929705343417,0.55,649657.7965611775
67.76526502133387,1099.9572557846388,33261.13202630468,0.55,649635.3938090429
81.23052686098617,1238.189855350279,26230.050115641894,0.55,649689.1167162016
80.55330092306052,1204.6378479207272,24079.24640489602,0.55,649714.6509942006
80.17359141179462,1251.6697481322753,32928.56912701862,0.55,649620.513938954
85.07530827310354,1297.7399771729383,25218.3342581771,0.55,649692.0878601575
76.44909780127776,1212.9716830922566,30516.83897112538,0.55,649649.2750083177
88.74046125488577,1322.9337049544256,27256.898591325888,0.55,649668.6789694922
65.79416617283536,1104.1063462263378,31295.302156887596,0.55,649654.554216884
72.5587393381919,1153.527299910912,26083.76690100343,0.55,649700.7390550006
82.4341863069627,1226.9775918777261,31662.100589274323,0.55,649636.1416830819
65.63962689628147,1104.5955496065017,36955.827471243734,0.55,649597.8902593348
75.52078660405158,1202.4041174843762,29985.972697576148,0.55,649655.8517789261
93.41991020426968,1346.7894842211722,34228.887979014486,0.55,649596.0963821034
76.26845269923061,1191.7516644077348,34577.933560901176,0.55,649611.210464662
69.36576846053575,1162.2752451807758,28703.126766324225,0.55,649673.4957029151
88.55252037412556,1279.7720714737113,32194.90080280995,0.55,649624.478343395
61.368284262244515,1056.883221585044,29361.670533975735,0.55,649679.55730807
71.02101670565148,1164.9978459652987,28770.283874803055,0.55,649672.4974197361
87.7902421551673,1264.0004363259534,32115.70115690193,0.55,649627.1629360719
65.75928965905109,1087.1695300728495,30771.342245161857,0.55,649661.8262339396
78.09342110917326,1208.6396363732292,31839.216755361715,0.55,649636.5710760816
74.1618510273135,1186.5161169559995,28928.287005457456,0.55,649668.3351959107
93.80834228901692,1352.5942701251474,31498.533111493456,0.55,649622.70335647
57.93736895347784,1058.2208026900998,32938.075758866406,0.55,649643.6327460886
68.50247681217259,1137.5844622849515,30458.134837909296,0.55,649658.9085161467
71.10062203684664,1137.3726077183132,31961.961200010493,0.55,649643.8956750737
79.48526297768078,1216.3600422747786,24017.5501749852,0.55,649713.8612931771
81.62328990663703,1233.5422350160259,31260.7844289121,0.55,649639.3670875089
80.08119727719969,1239.626621383866,22647.09982428187,0.55,649724.773807191
92.02966216860318,1338.9073922249493,27986.224786734823,0.55,649659.4688650656
83.06368829162695,1245.9515498352996,30585.522973746105,0.55,649644.6305842823
59.62919470942839,1029.4831323713406,28909.29864430066,0.55,649687.3690376725
57.65907256719745,1040.7343825089124,25935.228258282717,0.55,649715.7595915161
68.5502214684544,1107.4021858762221,31328.965205318924,0.55,649653.8220856417
68.69251169049363,1115.0622819651376,33097.70634312465,0.55,649635.215462733
69.75871499275954,1142.478303919666,28586.519692797683,0.55,649677.0374066016
87.58442889843363,1294.4887005208814,32100.273617507883,0.55,649623.6586197624
67.42544790996973,1109.015376913659,34772.666722839094,0.55,649619.191487542
88.30918363173167,1297.0251978626247,28097.827197274793,0.55,649663.3787042837
88.78436987849194,1305.8970903371953,27634.04668106317,0.55,649666.9518823489
75.37411994288261,1213.751784702978,35355.54551444714,0.55,649600.7943306911
68.74544498631052,1142.6145734196266,34525.93436917526,0.55,649617.6269074979
90.4568520438838,1303.8682361865767,31996.1647968639,0.55,649623.574163689
64.85154486074042,1091.7298797309272,25024.055927132264,0.55,649718.751855161
80.74712169531873,1237.5052364037667,37018.44737388333,0.55,649581.3148978926
78.2706878458447,1224.2629336698208,30211.123107980176,0.55,649650.9772168798
90.56996339505473,1315.6058781726383,32116.847638983803,0.55,649620.9588182295
79.3062596611166,1219.0720704475161,29842.635810513304,0.55,649655.2849934412
75.25380890439186,1207.9486668953941,28942.834913991443,0.55,649665.6178108327
87.66203806043855,1291.8107887969593,25766.034332823976,0.55,649687.3223620161
70.43892033469196,1116.0050719201263,26499.737545185122,0.55,649701.0820159178
81.74882540588717,1282.6087514516214,27477.670958092825,0.55,649671.3102402448
76.59284697061335,1192.766885889514,27555.998305083995,0.55,649681.3079906425
75.41834016855118,1180.8188908572376,25935.058237407542,0.55,649698.9511507232
57.21077517263075,1039.4514896187366,29152.70563394889,0.55,649683.7387649062
74.94993821261589,1185.644770707528,32508.674628524073,0.55,649632.6358812299
62.8699087225215,1094.3688669013454,29089.484237365752,0.55,649677.7808935982
81.36000121775051,1239.5088644633468,30057.03664108727,0.55,649650.6885698535
103.4370198216241,1434.6312447000053,35159.7527345938,0.55,649576.24672329
72.28708723431401,1149.8879202840126,22557.744822602355,0.55,649736.4360013399
85.99697708173511,1242.3432591076742,30720.033106639326,0.55,649643.7184778407
87.10442704055076,1292.3226558798533,32553.266575008667,0.55,649619.3886155443
61.17630620580182,1051.915375357881,30378.215080978927,0.55,649669.9880041473
83.49743516482422,1232.6045216668535,23822.262654143018,0.55,649713.8648308585
71.2176743851082,1154.7342358448639,27636.83352982998,0.55,649685.0635564004
69.72196692818208,1141.7089965976293,30322.134050483637,0.55,649659.7735799034
84.84544288611089,1274.8451442177206,28415.950453424168,0.55,649662.8590781597
68.32898325134815,1143.9346271190036,31286.741375730995,0.55,649649.8604309885
68.897243869082,1130.0411191559076,28714.89630807025,0.55,649677.2461026206
84.09603983459368,1237.0370649081656,26673.84543920402,0.55,649684.817097819
90.47800973841598,1326.8056579400848,27589.99463980647,0.55,649664.8833746491
75.79836608207648,1200.2994512482492,26229.52003283348,0.55,649693.6688655219
83.00723040956653,1236.0130969057543,29533.63149308362,0.55,649656.3421134405
57.97828185106632,1068.854011540568,32070.68251069564,0.55,649651.0306935081
73.78178314338538,1161.9007498255928,28903.592156845058,0.55,649671.5359884525
80.36308466531825,1244.8575566802633,31060.63634051162,0.55,649640.0107297932
64.88339832181089,1109.4631268348303,28376.534205113763,0.55,649683.0990827286
82.73452742252844,1234.6794060826119,30096.91211662339,0.55,649650.8693501038
78.38554920565205,1205.7985301590234,30193.316597255947,0.55,649653.3710104084
78.4306006870703,1222.5695018182134,24858.191729774222,0.55,649704.709742484
89.22021305151641,1320.2927104896855,32926.243921183144,0.55,649612.3024355294
90.18607738486017,1302.2573277472081,33842.25237660242,0.55,649605.3065969043
60.41584032858328,1051.5396569627214,27519.046400773852,0.55,649698.6247771567
67.13699235048783,1098.8713871641323,27921.622303795324,0.55,649688.9192105024
81.46016123086196,1258.3476326229174,28599.841315005462,0.55,649662.9998709352
71.38708430331957,1167.3308586227265,25630.417601204386,0.55,649703.6161209532
98.88166932758668,1384.500390597494,26667.619685684862,0.55,649667.1837562714
88.27030919087935,1277.276457227692,28354.64909860197,0.55,649663.1803341467
65.15209270973848,1098.684508208291,25084.245753643463,0.55,649717.3154014786
65.9277574847536,1107.7326416591452,27214.614044701917,0.55,649694.9259425539
59.814670975737,1063.326048049602,32548.58089940255,0.55,649646.91506524
79.45690670727316,1194.9448958526934,29109.83755470709,0.55,649665.5082369506
67.7367265069299,1133.7116631595193,27989.36060303502,0.55,649684.0609943905
66.88968856677349,1111.7475885890797,29250.484709829354,0.55,649674.0854422711
59.81590694041376,1070.8587143303498,34775.900435375974,0.55,649623.7379499265
85.67657774396463,1282.9896239374305,32108.252340799838,0.55,649624.9587217196
66.03652591234167,1093.3759649671033,24777.662973163286,0.55,649721.0182544723
64.13003705086851,1092.5997514096175,30953.134802004926,0.55,649659.3566818108
52.36229747053214,985.8627202220042,30886.82498593767,0.55,649672.8282237139
79.85706443328651,1228.2688860508415,25294.974033401057,0.55,649699.6579933398
77.76522504439447,1195.452592757233,33053.111981380884,0.55,649626.0145690553
83.77483072995494,1251.6480557635293,29659.785465274872,0.55,649653.2043786555
92.22609987927359,1322.656244640284,26596.791639593488,0.55,649675.3133342472
77.48560509209284,1178.4030852089343,29625.182184486952,0.55,649662.33980793
70.8678226508982,1156.379930572391,26150.15360159346,0.55,649699.7328723154
55.754612029740535,1049.9863534657252,31617.69091858625,0.55,649657.8247283982
76.29187337743544,1189.057071159706,28313.90071432064,0.55,649674.1741443176
79.23038752024758,1226.59714953121,27624.004020672048,0.55,649676.5683018495
78.08428708127906,1204.4442418312426,27412.962702797435,0.55,649681.3370639522
51.631988171528135,949.8912791529518,30350.88866737776,0.55,649682.504159828
89.82548989923059,1295.0966141344097,30674.897552818416,0.55,649637.8394307757
82.4539784403265,1271.6173323644705,27149.543526283574,0.55,649675.9104848534
70.32130042328676,1177.8971189219073,23256.527304294472,0.55,649726.0870726864
71.5902103072554,1155.6003695050586,27730.928190691455,0.55,649684.0186737524
51.9570225096646,977.2785711528336,28613.04688998948,0.55,649696.5961025618
78.87746161257827,1229.2133038061759,30342.627201763175,0.55,649649.0681315257
70.87807323862195,1135.6665415675668,28925.918624664893,0.55,649674.4608287652
61.43504281923904,1074.2013496874138,30541.93771655182,0.55,649665.676460872
98.69078852616103,1384.8520044451989,32742.11257115605,0.55,649606.3966337551
93.53848852308514,1329.513265758867,27831.463029163267,0.55,649662.1437778173
83.68651088467126,1266.8415847930514,28660.308391788203,0.55,649661.3759259069
74.74672111552114,1181.4600341918142,28443.85842620397,0.55,649673.786211635
60.10469562319191,1084.8547863212884,28128.77022014743,0.55,649688.52972344
74.76961361677007,1199.518840312178,30884.024638557108,0.55,649647.217492777
80.63836657471188,1233.365616807958,30839.26229568555,0.55,649643.6035030262
73.70015547475421,1154.1851890773082,34500.792461501296,0.55,649616.4898526956
74.5768288230718,1166.2213918940722,31409.146585539587,0.55,649645.9619671174
77.24035817468094,1219.3489494182065,29483.539301496963,0.55,649658.8427330549
61.27636200356421,1080.6202013205782,25776.46452308009,0.55,649712.5609306106
84.84780848071028,1250.8248547323396,33182.23445096587,0.55,649618.0786729224
87.08513937005526,1287.4379797119452,28840.55411140344,0.55,649657.1019013205
69.83780337806164,1129.3834637679126,30016.719311953286,0.55,649664.3067912284
66.66774882902617,1097.0482359234102,37516.326413408955,0.55,649593.1909475551
100.44997226960345,1373.8962083202782,28856.884734705043,0.55,649646.5636076545
88.69506749802233,1298.1648980435991,31724.064742242263,0.55,649626.9795648124
47.16057586811727,948.5374375384647,29140.701309964406,0.55,649694.7684943958
73.77446742982846,1168.201397163175,32977.45639239975,0.55,649630.0412684164
62.760181757732084,1062.3329277506598,31873.47842251691,0.55,649653.7852644448
64.05880826424186,1096.3121579377173,33137.25445629029,0.55,649637.0699964846
66.72168911397092,1105.9873413074727,26553.7886511559,0.55,649701.7436325316
75.51497617198166,1199.1436618411756,31457.42930132657,0.55,649641.5284675658
73.41717944893735,1174.388763684393,30733.946716137958,0.55,649651.7338811966
59.46232342615768,1046.4382306324492,31395.886329798104,0.55,649660.4685490262
61.96476322218572,1087.9476884793908,25144.559156052896,0.55,649718.0006858219
50.27782120782628,964.4302832739854,30517.688314447667,0.55,649679.0914828627
73.91562670718724,1164.8959749696162,30843.24790576355,0.55,649651.780003946
78.2207794381314,1212.566149804886,32372.618464076233,0.55,649630.7658773826
85.33365463156059,1282.879533674843,33018.736070815,0.55,649615.8670952509
86.77365398096707,1281.20425812652,26828.720318508484,0.55,649677.9682858398
76.18174813860786,1196.234584245743,25313.736401741262,0.55,649703.3144858731
70.15370411142692,1147.6149648717137,35460.446201542516,0.55,649607.6817421999
100.68279263266948,1396.6775690522297,27920.5690665289,0.55,649653.1930010484
63.88076356254761,1094.4466297796466,33958.213759537815,0.55,649629.084266831
58.7184153565505,1050.28744946098,34452.57194333862,0.55,649629.4397866313
69.45994633354917,1112.6250415899242,32610.390480180376,0.55,649640.3810902075
77.33474200377348,1223.796441470182,33639.27673209265,0.55,649616.7516597026
91.20063741196097,1343.1634947986367,29209.450882486362,0.55,649646.7258717993
69.32418331693115,1138.8974695625293,30346.51737662955,0.55,649659.8671298863
55.552515786207906,1035.8114086087435,32407.40661206684,0.55,649651.6285648462
83.79861336392831,1261.076007839187,28356.482677144224,0.55,649665.106052288
69.57921177956223,1150.7481245207127,27813.257331552402,0.55,649683.777651742
62.171732042704214,1091.3091376752163,28794.25794727257,0.55,649681.1003240063
64.0470314645756,1086.0255374051537,24472.034507181816,0.55,649724.9565904395
76.57144083508086,1205.0575897076942,31885.225384438352,0.55,649636.5408353907
53.788276191285476,1026.2878093305558,29779.086914275504,0.55,649679.0545937376
92.69361648719274,1350.6382499856472,34549.67622487839,0.55,649592.4266477529
72.96485441378742,1190.6400960007916,31295.89107122337,0.55,649644.1642777676
75.52871544431028,1211.1915977282008,35135.30139632704,0.55,649603.3039943093
87.55707474776891,1300.0532591919953,32983.68822558768,0.55,649614.1567266411
65.99203124950259,1094.9114787743092,31570.5686251018,0.55,649652.904936296
75.7029641481668,1200.1963143569617,33771.60955991092,0.55,649618.2603466781
73.93538900475721,1189.8732803121234,25998.564749606638,0.55,649697.2295588665
80.72387019214179,1246.3243091936204,33155.84956071983,0.55,649618.8825872896
104.30821815547914,1423.9916308240313,29838.366153107443,0.55,649630.7373427701
61.77888847954092,1084.7002616841207,26579.690478031025,0.55,649704.0390638176
74.1315900009055,1169.5471492716376,26460.947679771154,0.55,649695.0448652897
100.35222821361373,1410.2527932381172,32475.675136660262,0.55,649606.0129134448
64.1593358170076,1122.4626935559952,30738.819105920593,0.55,649657.916285714
94.34290207698771,1334.3113285411218,28625.09897513573,0.55,649653.6316508238
75.92708293913807,1186.9417680495592,23453.690247844217,0.55,649723.0300853556
87.338611702021,1290.4034027492416,29764.11799815614,0.55,649647.5104116886
81.7164573544117,1261.225679869971,31589.89740549957,0.55,649632.7539443607
78.80412497685235,1266.386383183989,26734.074336368838,0.55,649680.6928906542
64.29074792442209,1101.8625668221314,28219.7499911814,0.55,649685.5789920696
73.20973006854275,1171.5468204367294,27058.36955255449,0.55,649688.8306860221
83.20506274428563,1252.0347993389794,33213.343139762306,0.55,649617.6223926817
70.3638023481486,1117.9630156385208,30041.769946533357,0.55,649665.4267386581
61.9600038395033,1074.727938010068,28737.90987847366,0.55,649683.653548654
63.21190524644395,1087.608013698841,26531.225737980967,0.55,649704.1747809764
91.9607872550481,1348.8384943779408,35531.26944215026,0.55,649582.8266862532
94.14699114652632,1315.5562467897687,27997.546873295458,0.55,649662.1577816522
66.36697461780767,1110.689643764931,32564.451473777808,0.55,649641.0727280105
74.73369026815561,1185.8679828260513,32908.10700187625,0.55,649628.614772042
89.89493777143853,1291.9505005815504,29031.477605598488,0.55,649654.6511638742
78.50683931512671,1232.9707462454874,31795.504428812867,0.55,649634.0884661624
75.79207037540328,1193.9491580152762,29873.384784586608,0.55,649657.9922531924
82.40530329225334,1256.3114426667025,27218.9286377887,0.55,649677.0533405021
61.69469036368537,1069.9756028825734,27593.09817567122,0.55,649695.6719458973
66.78094254314115,1110.2067883841075,29630.963112624333,0.55,649670.4655542676
84.18035322869501,1237.9063005580979,33625.82695488584,0.55,649615.1929743842
77.41546832804704,1215.5602753165722,28976.51306182621,0.55,649664.3676363438
80.54737402471736,1247.0665770512155,30349.45208508057,0.55,649646.857489903
76.09769712871709,1202.9500783663195,32788.137537564166,0.55,649627.7646152204
59.51066222461081,1041.5751720362364,33225.1210827554,0.55,649642.7597685282
80.08617164185954,1217.8523369458185,26360.331097767077,0.55,649690.2544085889
90.58528123396003,1297.3209948866058,38070.14316849947,0.55,649563.6200489285
81.1991535928438,1233.5684330892718,32965.56210765903,0.55,649622.3161669527
83.79897500674146,1280.0292952941934,29067.460137066773,0.55,649655.7218831939
63.744885023684645,1099.3343664361823,31248.493152607214,0.55,649655.5949445015
72.00792271151897,1148.8217753089943,34093.75244490799,0.55,649621.2038625139
69.55408469621658,1116.4611916918516,27787.96665594034,0.55,649688.1449904375
68.93955409456233,1137.2019389103898,29258.320237388838,0.55,649670.9525649569
67.57262538163789,1128.7428917000411,28353.640921220613,0.55,649681.0144437838
82.11787108932108,1241.236463469942,25825.1984991445,0.55,649692.7996393922
81.64237510489562,1235.3146014264019,28883.28879227143,0.55,649662.9293599061
85.1533868636213,1262.2722716275616,29359.778685867343,0.55,649654.929540546
96.64126154110353,1363.921203642012,26434.62228959144,0.55,649671.9832326671
77.10927275990659,1187.7293254770293,29752.362022146757,0.55,649659.9488607213
80.63124044144884,1235.655280900128,30237.64483106788,0.55,649649.3449179813
77.181037774566,1209.1929829065107,28980.645850448702,0.55,649665.0903835467
55.65261769301874,1024.9422504278655,31915.79578933287,0.55,649657.8489720554
62.30387320606711,1079.1381365727793,26555.13154675289,0.55,649704.9521081437
80.64846816692773,1251.7537190139687,31590.809779145322,0.55,649633.8814559268
69.75430242389274,1136.1098823594393,19756.196534379786,0.55,649766.1048487731
74.41057152802381,1179.8491048005444,36640.649717072694,0.55,649592.0116102532
57.92915826821936,1066.7924828595726,29981.151742014943,0.55,649672.1733846368
78.47358977381617,1192.6074586660452,28433.092848368644,0.55,649672.5561764764
71.4614916487506,1124.2948884641905,31839.4758436001,0.55,649646.6898549483
77.26092602994665,1211.2271852853144,29486.098269465318,0.55,649659.7917550711
77.32652972523927,1200.8819700482582,29291.690426514124,0.55,649662.977259329
55.518389758146,1048.6041539541898,29910.891875366655,0.55,649675.0585827718
88.24440972647699,1310.9101282309305,31785.580020070727,0.55,649624.8349844116
59.82546709992136,1067.7103061075525,26535.607582314653,0.55,649706.5186874439
71.429057051957,1166.5845861691264,32166.37839550128,0.55,649638.3460657047
69.47078167343786,1122.5079665560338,28624.64668246457,0.55,649679.0525771886
87.40962552000451,1290.8931635408928,31737.697609061408,0.55,649627.7158442845
76.32030132772302,1226.484533926468,27408.153189175613,0.55,649678.7403240371
86.56950082316064,1263.5405444518203,26575.62867683315,0.55,649682.6188478974
77.4737398260134,1204.8422603915876,29618.014595322296,0.55,649659.2387827998
74.74035243088932,1166.7403951222477,26741.437149208006,0.55,649692.5767810933
65.3528590166254,1112.0841337548295,28131.31850546278,0.55,649685.2367188948
69.37645139860231,1150.764639121715,32322.727852585766,0.55,649638.6809647796
75.47788665021017,1174.6027593333329,32118.326931993375,0.55,649637.86439956
78.11853737179423,1210.713805822309,28238.86931641786,0.55,649672.3256501372
67.31765743059069,1139.902795484037,29219.735925299072,0.55,649671.014305289
91.9288731613234,1328.8183756176682,31184.440382142384,0.55,649628.6973911045
78.65420713271288,1199.8056910587295,27586.991826398244,0.55,649680.153398809
61.724351080031475,1079.1684201943215,24834.687118422764,0.55,649722.1529183924
92.8830885546235,1364.9686469174178,26923.22372408458,0.55,649666.971525129
54.81605027588706,993.31429290826,33163.630550777045,0.55,649649.1659793432
79.77449514486909,1218.1947392248032,35055.61925579194,0.55,649603.2604387351
68.50641277313487,1125.2872216419362,31134.711628884415,0.55,649653.6184171141
93.91938891239545,1351.9576713848726,26103.310833428357,0.55,649676.7319710995
85.06223510930997,1273.9443459375873,31030.899735274983,0.55,649636.8176811348
61.050918335603015,1075.427471139381,31191.564995823595,0.55,649659.0330535051
87.10584053398223,1314.6676693084444,31320.73670033024,0.55,649629.0325126797
50.82160080218671,979.5372526819283,35222.44141288271,0.55,649630.2311155493
85.06031091399242,1256.9361707407732,33205.36305481717,0.55,649617.1140289629
74.49409289353127,1181.5711506001135,33832.07922801712,0.55,649619.8906696478
64.11671970212922,1115.1568629608764,27956.533057224253,0.55,649686.6158458726
86.82075327304679,1281.7638806821467,29134.538097983565,0.55,649654.8429533383
84.35161383629912,1273.6488569786209,30135.26992961247,0.55,649645.8094378664
77.36644066576213,1206.6620203180453,32515.142537372634,0.55,649630.0491321881
78.48471569478802,1211.2231194656986,29983.77294729399,0.55,649654.8154961913
79.89208398251398,1219.7351563996426,32270.117765880583,0.55,649630.9306035732
70.80134387222184,1162.6706659641577,33177.716037512684,0.55,649628.7023597092
81.77560357567825,1234.1588246242022,31262.050371494188,0.55,649639.2804373302
52.70583140728465,993.1415421326052,35667.80670667044,0.55,649624.1449478774
34.460330160462746,816.6712489103624,29427.328216509613,0.55,649707.7261679657
80.61167177576998,1228.5420509942924,32162.68667694758,0.55,649630.9480871111
79.70639380222855,1221.391417875073,27632.53484408361,0.55,649677.1076814142
67.02494730691083,1119.0376164093714,30144.809674062402,0.55,649664.2673892903
62.07315781315463,1067.0217432877494,32649.02518027012,0.55,649645.4671390028
90.87243939037124,1298.9179884587109,34964.4604926758,0.55,649594.4852364581
68.86058053765713,1137.5943072774062,30867.05241662813,0.55,649654.8181589604
67.77027548325366,1131.4818327581966,34064.35205072181,0.55,649623.5786595617
63.39554851169808,1075.7367987584034,35471.93261744139,0.55,649616.1922579745
84.59345712896976,1268.5885048424582,30085.413557621414,0.55,649646.9152438428
48.476385079127034,952.9272307665789,33936.218036288585,0.55,649646.2865519451
72.73899012065856,1162.0870553211882,34592.2807699362,0.55,649614.6267456621
66.42320346838105,1113.4533623034783,29504.283446279853,0.55,649671.3427620607
73.27502285026047,1161.0451760294661,32382.173345886335,0.55,649636.8528454176
83.02351524712395,1236.5026134531647,24590.490088261493,0.55,649705.714785503
69.1611779290386,1163.1315547284,24211.55079598057,0.55,649718.3087054727
71.68858739917953,1153.3951184374212,26435.396728815926,0.55,649697.2386184994
52.56778038684132,997.6584784846578,30976.39396443956,0.55,649670.5170429375
68.42258510445495,1147.910472567408,32120.678454374756,0.55,649641.0439587482
62.323909518440374,1093.4873501125078,24643.088848210824,0.55,649722.3506295043
77.77093339760658,1192.8522740797807,29329.94504503266,0.55,649663.55827666
72.16913366274679,1152.6575201135172,29549.969176228813,0.55,649666.1814058241
69.706847812057,1183.3501143343856,26234.64934726904,0.55,649695.6514928072
76.87362268818765,1201.2396529237099,29023.515239891705,0.55,649665.6160892502
64.19620582467876,1105.2408335042003,33058.28320232092,0.55,649636.7882679563
61.37142261204275,1073.4904694180705,30021.894828648656,0.55,649670.9621953834
43.89750085907845,918.0501489173081,32988.41194216294,0.55,649659.9498627083
74.07638222544934,1177.2027272611385,32491.57237520279,0.55,649633.8199489766
74.89815410044062,1187.4310874436762,31753.07239927471,0.55,649639.977545514
74.23836571947623,1182.9053671960369,29672.986880846656,0.55,649661.321487128
67.91373954451666,1085.3905395578508,30991.914285982883,0.55,649659.8339923932
87.42641453236078,1281.4576725048282,26913.902514062596,0.55,649677.0860541587
65.91607201061214,1095.621361819786,33785.042489618216,0.55,649630.6750116854
96.29725734028857,1336.3237265827847,35483.2270052112,0.55,649584.8088827579
71.41919196230351,1140.2453419276562,26312.93512135615,0.55,649700.0412077551
64.98615842809818,1066.39477707306,26605.027299364927,0.55,649705.9823537576
70.1045097886019,1169.488215784551,29922.143297225633,0.55,649660.4399811337
73.93441106386346,1167.5780590879103,26111.772919999155,0.55,649698.7729037096
79.37069912469647,1213.4156643249887,31704.724296741442,0.55,649637.3428773136
97.31032568895603,1383.7010239898977,26247.467635545865,0.55,649671.4812007657
76.46361941597993,1192.7932295617768,37008.80411617561,0.55,649586.7767712908
83.34927885165116,1264.3893011155221,35870.67685238987,0.55,649589.5665153422
85.82676329988863,1270.3408553013985,32138.181868628628,0.55,649626.1772786776
80.0688003687398,1225.4720842731645,28536.293725152776,0.55,649667.5804126357
97.83215616701527,1371.6302088808845,33645.56970710473,0.55,649598.9486778632
70.79604570777715,1161.569979375347,28782.780203590326,0.55,649672.783800439
67.31322917752868,1110.7517992055373,27192.617749688867,0.55,649694.7836065984
60.193095206591394,1021.208101998554,24070.97741971364,0.55,649736.745253563
71.53232427445455,1155.6114970838087,27365.8745718997,0.55,649687.6678746309
49.574846937889205,983.8064469367117,34646.894747318845,0.55,649635.4742788944
82.26300993737216,1234.4654210117783,34421.63491798745,0.55,649607.6478002988
66.4256021542661,1095.5245600631074,31821.935767042283,0.55,649650.317695122
82.55609697937288,1238.5937215135157,29929.771396589957,0.55,649652.0710394525
79.08624945769618,1183.5394616390438,25554.629538834528,0.55,649702.4289692149
60.398124934451374,1044.9925701663374,28175.496822349945,0.55,649692.8459233565
99.99577156875847,1383.6679358824092,28475.826972838146,0.55,649649.2015779658
65.5824633447172,1114.8719756030662,29448.41805185731,0.55,649671.7311824091
64.62814015421672,1089.2200502598748,27193.146452699453,0.55,649697.3621294418
69.86161388096946,1151.2703321780189,32135.04436303996,0.55,649640.4971165083
80.50801873660522,1210.0662233522878,27873.175703653455,0.55,649676.0602961612
61.89971074447407,1110.4430095188602,28213.82633974772,0.55,649684.6085754603
84.46479622605918,1250.7759836614384,31791.825338171184,0.55,649631.9886285788
76.46909286239114,1180.6761273588506,31350.19507072328,0.55,649644.8169140096
72.61548843434323,1183.4911196413846,33314.22470752993,0.55,649624.8388185677
62.25059515600624,1059.399505817877,27646.050372681213,0.55,649696.411555575
76.03769909251525,1196.8146977864847,32593.651108241585,0.55,649630.4457251831
71.57650104374066,1197.3950260318009,24880.219053222365,0.55,649707.510406344
50.464190563716706,968.6747517130353,29187.536550988192,0.55,649691.8836642846
78.51927040903797,1184.6093476527058,26761.997189280024,0.55,649690.2269063889
63.540271125943704,1087.7665290353987,29470.712452385287,0.55,649674.7608919919
70.95979464755152,1139.6078872606245,33959.48964372941,0.55,649623.6521570914
64.19934800441978,1078.5938826245592,23118.13601753035,0.55,649739.3873739098
70.51512067673195,1153.6818946258961,33941.53676449358,0.55,649622.142805
69.20856354219397,1150.1937275071941,33689.71115712249,0.55,649625.0796411278
70.15075517012487,1149.087722534375,28613.46183254422,0.55,649675.9748549705
69.24530875606753,1140.4833962150817,27414.896892766687,0.55,649688.9930235265
66.55419555743748,1089.7453848098753,30841.577950355007,0.55,649660.8147743193
86.77626413825486,1275.3510657759887,24257.48448975284,0.55,649704.3830272094
79.98398240727809,1238.0450228686918,34015.25553588844,0.55,649611.282041897
81.03174142158932,1217.985318331418,35536.90952203389,0.55,649598.4726665799
90.34841945741584,1320.2087080001486,27588.42985171861,0.55,649665.6906565229
68.1110427312946,1111.7350289737385,28229.67627527833,0.55,649684.2950337704
79.7855110865087,1237.672098585199,31802.82459434759,0.55,649633.4511022263
68.06806655409173,1111.481221757634,27519.6746115517,0.55,649691.4255072735
64.3644387736266,1105.4643490845683,27896.57134141001,0.55,649688.3785646957
90.26059713017646,1324.2195416014665,32224.612111266517,0.55,649618.847533895
64.22348777475526,1093.2038745250031,29869.78143002099,0.55,649670.1177207568
104.24045124841072,1428.1445680612874,32013.31247517722,0.55,649608.4895270809
103.07303299075996,1402.0618236650967,34423.52459279207,0.55,649587.5173352322
48.61162469955166,940.3701407487023,27321.99436503002,0.55,649713.9356394599
85.56883885706905,1304.904708513915,30617.80075119752,0.55,649637.2334274664
64.44656376255911,1081.9482008588225,26434.088734688772,0.55,649705.8253285501
81.40625991267072,1208.8448634886672,32996.60172988151,0.55,649624.9725990825
76.87186155603928,1203.88372927148,29588.959459469603,0.55,649659.6443578927
44.144352531356944,915.1039451407446,30546.53889053982,0.55,649684.7221376777
75.93907512556952,1193.0041521873957,34230.92466459517,0.55,649614.5302550915
90.47850964345847,1314.0582014403851,25483.97320353657,0.55,649687.4732837918
77.66339419727606,1187.7998456615794,31049.370250221473,0.55,649646.9703160184
97.3680709899874,1341.8597029824111,26617.118532060067,0.55,649672.8056503215
66.0599254177481,1107.147262040789,31475.80150940603,0.55,649652.384313461
97.5889786505019,1392.116525815448,24321.083362286114,0.55,649689.7351832793
74.59986962144018,1174.3768432331726,28556.33824498043,0.55,649673.5113963622
59.033362277720926,1051.9903828307704,28624.227089955206,0.55,649687.5188831607
81.4295378633536,1249.1687620696293,33612.07239120975,0.55,649613.9790246395
95.40850597474221,1346.948042101349,31181.616697801583,0.55,649626.5500679698
77.12860479204429,1189.6648878523877,26337.304578615916,0.55,649693.8671676716
77.63659778356825,1197.1178764691624,27865.57169975009,0.55,649677.6901378263
76.2441226217973,1207.0175815427483,33213.6799203429,0.55,649623.0210910114
48.716477520727175,968.8096349914241,28962.487302579746,0.55,649694.1179707752
99.37295421124364,1393.27608532632,30552.145497909565,0.55,649627.2854147818
97.84063544728444,1357.4886878991001,28472.2554285941,0.55,649652.3788031662
92.98259298898276,1363.7888295322225,32602.860644071312,0.55,649610.3167340154
80.17336907985897,1228.1540417715603,33193.11491094588,0.55,649620.6903658779
76.22309830533322,1190.049517931628,36660.55063549256,0.55,649590.5885514932
71.21695202439011,1161.646277819154,27974.352070622248,0.55,649680.8589259555
94.0168431371207,1354.2741964845613,27992.06994715315,0.55,649657.5663969504
84.92120439963051,1265.6753412389207,30428.80038313214,0.55,649643.83095522
61.110633110301606,1076.139773830098,28793.142342264855,0.55,649682.9318037177
69.44831195954916,1165.9557843312982,25204.651066964147,0.55,649708.0387952107
79.26933605267895,1228.429688682565,32714.034785271444,0.55,649625.4480895054
68.42142491185382,1124.7208435261412,33286.204662060954,0.55,649632.1714521563
83.46553383134525,1239.2772746693317,25585.19066237707,0.55,649695.4348204159
99.2485685687155,1372.4181880321353,28522.334210893485,0.55,649650.0864753273
99.08432681257423,1375.2210115784785,33451.757288852416,0.55,649600.4559057221
83.44446837246582,1245.7143983859842,23411.305263288472,0.55,649716.4012195608
64.35965246080846,1075.0580871137017,30389.92576900482,0.55,649667.0937718563
86.85214929519327,1279.3642552601123,30535.955236168153,0.55,649641.1167370072
60.38600490804085,1057.9006613108068,28130.726816911218,0.55,649691.7446524736
69.20958747388296,1119.0140325567374,30969.487976673838,0.55,649656.0234363264
66.86769075062644,1089.0785781744198,31336.646690463924,0.55,649655.9441037144
72.34198612220202,1174.8854074606484,25624.222198369418,0.55,649702.771529121
79.00437721858685,1228.511206715932,33084.31467555424,0.55,649621.7355084385
88.07677899334792,1289.2300770824472,29324.59353228485,0.55,649652.0464554273
78.88766703810674,1217.0062604304558,34500.09279817957,0.55,649608.9583207666
55.378560825182625,1020.0516536523173,25742.763467626333,0.55,649720.1661668855
82.62224184353414,1258.7381179502727,28502.54861829478,0.55,649663.925939663
84.79322676139768,1274.8162057117252,27616.69224070073,0.55,649670.8551329076
85.23052940531436,1268.0412838668958,28174.306288355445,0.55,649666.0919830524
67.0401741261893,1109.7147134659601,36560.96950075861,0.55,649601.2245393766
73.09449527861126,1156.1405783659088,28662.811692856303,0.55,649674.6350136676
69.80628049916514,1147.836183709109,29925.083526613667,0.55,649663.0088226888
85.61337679526244,1300.3074317615244,29547.738299719786,0.55,649648.4857251914
52.670951012575344,996.5367762777897,28414.693036521436,0.55,649696.2686564814
69.4264180292798,1148.5846043389884,28015.897731199508,0.55,649682.0108701673
91.33012102098598,1338.82337366864,31999.83114266283,0.55,649619.3428837331
69.38735192839384,1135.678004335364,27685.842775098965,0.55,649686.8602117287
91.41170402786874,1294.7580925041048,31102.313015143754,0.55,649633.605898748
84.91138855656367,1257.7253583270342,31893.642945459414,0.55,649630.1365275462
52.28728691106991,1007.2064361403078,29249.585246822404,0.55,649686.639375195
64.57260237385003,1093.0333809714002,30853.1695519254,0.55,649660.3042987642
98.24277627688451,1397.172416167685,27587.155830288077,0.55,649656.467751757
54.397685775103625,997.0923965278805,29509.346054046815,0.55,649685.2554518761
67.6837859778014,1130.4596736196877,24975.038253480205,0.55,649714.5944566309
76.25929603538525,1183.4327316422662,27313.183405006865,0.55,649684.8562381528
78.152951180545,1200.2202615606757,30715.284508325352,0.55,649648.8207235294
94.78296634605536,1361.3708270408756,34172.311997060686,0.55,649594.9123807844
63.18088895170478,1093.7110863365383,31525.37448068411,0.55,649653.5009248328
76.52585288579013,1176.3057400069704,31313.9546760225,0.55,649645.703764439
84.17374973805994,1272.7210030454605,32243.46555614064,0.55,649624.8388240731
71.2027855381947,1153.4428307136477,27520.81350833962,0.55,649686.3787252309
64.0855725844452,1102.2407445472095,29109.045776831623,0.55,649676.640652886
69.38419355738621,1148.2092041582448,28704.069274273596,0.55,649675.1742027584
60.324942410729605,1063.701836788995,24710.025313203667,0.55,649725.2555264533
74.77228988069194,1197.4822436708714,25822.026386408368,0.55,649698.0818668954
88.00298719877145,1287.7434854187136,31090.704306460473,0.55,649634.5637386851
68.70739612865931,1145.2013137754282,33494.220967019304,0.55,649627.6336326768
82.9911976841436,1219.3256564997023,30999.10249133111,0.55,649643.6898963067
50.59765563257806,975.9776259116883,26613.59391982977,0.55,649716.7467456923
52.447142174804064,984.4925118882193,32922.6145776764,0.55,649652.6347527966
89.90832260788939,1311.1242503195447,28423.52738684041,0.55,649658.4298160932
72.76643059723186,1186.7909134611468,25918.64602560434,0.55,649698.3986301287
80.0320195775148,1247.6621252625312,31877.53345494507,0.55,649631.505210419
56.954046713496446,1047.303269034236,32067.954187806226,0.55,649653.6440658378
63.35300893138815,1087.9037651317053,35439.10479017283,0.55,649615.0605002824
89.01331911260039,1274.9536185213267,28781.40655879876,0.55,649659.1915001895
74.28580982752808,1183.2397325211007,33897.19765010452,0.55,649619.0392555965
82.52622121107296,1251.6161721551516,29454.809987281216,0.55,649655.2579594686
75.12602551505812,1178.1107190357327,31650.151181074216,0.55,649642.125201905
88.9202338571055,1294.626511509288,34922.85853442571,0.55,649595.4162332746
68.13441890469622,1152.1007872944751,31266.27970055655,0.55,649649.0851085191
47.1038996568947,966.1259937540894,32680.421160614784,0.55,649657.2606691434
63.260743383984995,1078.5974476791503,33856.08493200849,0.55,649632.0074569585
81.43470614519832,1251.6599629666036,33670.80401102501,0.55,649613.0927643337
77.97796949460931,1216.99386122387,28291.573915248955,0.55,649671.0449975007
71.59501335608118,1154.5644272915595,34819.8345594812,0.55,649613.2539231302
89.02126165312777,1292.2341309425826,29619.302299929765,0.55,649648.7388812875
67.51244754923233,1122.8751873837714,28075.00383933354,0.55,649684.5049391206
60.748655113746125,1060.9015109198037,30176.430576400242,0.55,649670.9275129256
85.32260419558487,1243.5759144203003,35628.034023273016,0.55,649594.4905500368
66.43352803852405,1111.3684124536776,28184.89133242192,0.55,649684.7868771814
77.63471192031508,1231.775545602672,32642.472791844448,0.55,649625.7622066092
57.288402021329745,1016.7679800257295,29178.906156444704,0.55,649686.1987808325
56.81950412368422,1039.1748848368172,36875.779590408856,0.55,649606.5412179155
66.85676316334256,1127.85296095507,25761.676027099897,0.55,649707.0408844143
101.53011145527455,1400.4469558639,25957.7825893362,0.55,649672.368539403
80.52917024742463,1241.0877353784397,25564.048818102856,0.55,649695.4289835736
71.47925286431037,1185.7448089464224,29361.7780452733,0.55,649664.0928424738
69.90107998782275,1147.9797873452121,31139.13135200569,0.55,649650.8511119985
77.6870743865544,1209.6823528502678,25872.336314235436,0.55,649696.1147545156
76.54427803733458,1198.057241517681,23777.145614871442,0.55,649718.4616748692
83.54919624384237,1272.3347804006373,28417.00505006047,0.55,649663.1497758513
99.4576434394343,1397.9469211860207,33484.20059524847,0.55,649597.4043635052
70.9868689062104,1159.3677035335365,24164.085174967753,0.55,649719.2350238262
106.85699842874023,1444.5364565519835,27224.157511555324,0.55,649654.4140500982
51.76243769235302,981.8825540301989,32932.16634160782,0.55,649652.8524301003
77.64796793017742,1220.3901928208659,29309.108187866765,0.55,649660.4620949829
66.18355993370822,1143.7465611259283,30187.758276301844,0.55,649660.8728299019
81.28753240361672,1256.5665354905357,25808.55715708256,0.55,649691.1264441704
58.84102579931776,1060.092032325561,30865.6457494097,0.55,649664.1324986268
64.99270093288158,1088.3447052084634,30916.829703532505,0.55,649660.2303383397
75.3603434267487,1196.1877420025976,32559.23337569502,0.55,649630.8651372027
58.44615996781198,1036.1325917380304,32515.921443215946,0.55,649650.5048745594
112.77385539890385,1523.1078475112877,29669.69317725089,0.55,649620.5301265261
89.02309092265,1296.0806477449764,31940.99750083778,0.55,649625.0603472623
84.93821504465556,1236.913216874849,26183.047256850987,0.55,649689.7399414065
79.73949257397345,1263.7426864925708,28601.6343821072,0.55,649662.3345337998
81.10528979717175,1242.4682981041585,32119.63489678423,0.55,649629.7074552596
73.23943926128663,1167.0304547291375,24432.366376381302,0.55,649715.6326816687
78.01756284781337,1217.6230759787256,26202.51566543946,0.55,649691.8600742281
72.14191808807458,1135.472537637573,27931.627431740617,0.55,649684.4270211661
62.29865380392644,1071.9950259879236,31612.675088690172,0.55,649655.2338459946
72.73277155746977,1151.1698756297262,31236.710952718335,0.55,649649.4925053972
92.52475912249093,1318.5121980504732,26711.86255277769,0.55,649674.6599107061
78.96203531910236,1206.4292621533998,30410.435794488654,0.55,649651.1241305966
94.72678365596818,1362.5716266779818,33726.02483846197,0.55,649599.231156414
87.2609385584978,1290.879548471044,33802.61410488997,0.55,649607.0683131346
102.5340722232821,1416.5492239884134,24577.575172821595,0.55,649684.2383413932
77.80236645978991,1198.7325107383351,28627.235651975083,0.55,649669.8797421916
77.1339557662292,1195.725150940515,32878.36666994595,0.55,649627.7293151877
70.11246071503365,1135.9918296468047,33463.27002470656,0.55,649629.0482801953
89.849929024846,1314.940726739577,28831.649473692178,0.55,649653.8906180543
69.96544798479928,1151.5904271009567,29016.664899801537,0.55,649671.6424997499
82.95906819990796,1253.023527348016,32426.839430832864,0.55,649625.3687824099
54.523933628819464,1010.2607907249159,34829.545213164325,0.55,649630.4732529813
69.52043990853251,1150.621431081345,28566.7740901891,0.55,649676.2576873683
92.49086780100063,1346.3871148857195,25506.507600027413,0.55,649683.3684702134
81.4240622635011,1233.359549666616,28849.361871024597,0.55,649663.5032353298
91.45610814463168,1320.2246576950713,32291.45508525023,0.55,649618.658490224
68.91930928978873,1144.3072819452836,22789.760532143304,0.55,649734.7855208451
72.44292468672164,1184.4626918714919,26994.038529619134,0.55,649687.9240916792
54.788696083704394,1028.0713533522796,31159.324279368768,0.55,649665.038194804
75.01199118855301,1194.2852822961495,27506.11104747299,0.55,649681.6246556498
85.09165180631378,1275.8632453276484,29122.00850057094,0.55,649655.676325555
72.37838201110974,1146.2928288519033,30668.912970511188,0.55,649655.7557308327
76.26496873718253,1182.1994353014975,29914.266841610777,0.55,649658.9933993476
63.627873243806604,1091.6474847059,29076.866962526332,0.55,649678.2336322101
64.82085981721714,1093.998222540431,27993.20863906938,0.55,649688.7881269045
75.19784781389015,1193.3920465968063,33172.66952941618,0.55,649625.0662591142
84.47710475406889,1270.901809920642,33741.11203029778,0.55,649610.0806625065
70.70695775712184,1161.9648600260907,33625.92407834422,0.55,649624.3049760135
83.60224630339152,1243.461952610985,33363.366921370325,0.55,649617.150896473
89.06024503513898,1306.6811068434654,33261.139501385784,0.55,649610.5868721649
69.32292558141657,1112.2681947182257,27715.826795497418,0.55,649689.3695486789
61.148421340908186,1062.4342141977615,29898.66574469111,0.55,649673.5212368494
47.97290056679158,971.4372491214746,35943.00492483814,0.55,649623.9974808571
78.01714507086332,1196.056943565792,25991.952329654232,0.55,649696.5536434755
66.23934832673989,1107.997302794795,27216.717854820316,0.55,649694.8731451165
76.09326580898751,1176.6753489744438,29577.884485279774,0.55,649663.0201132703
66.9477392957426,1120.295083439531,28263.570633359846,0.55,649682.9288836537
72.02697442049792,1190.3451595668494,33637.27254326151,0.55,649620.7858554194
79.63892283236783,1204.588689990211,28724.729292902914,0.55,649668.2020642722
70.63885289205257,1142.1326131608198,28114.232526869728,0.55,649681.801761152
87.34602520169487,1298.524524851349,27081.577434503346,0.55,649673.3612826727
65.51913434134397,1120.930456148856,29283.17221473268,0.55,649672.6566231148
67.36012462894976,1126.5292510316674,28715.668393455457,0.55,649677.6598059417
70.08719005524868,1155.9828318933478,29276.773189614152,0.55,649668.5143282766
80.20131889726065,1215.8654429354322,29519.095525038716,0.55,649658.9051915973
61.822993796970344,1076.081407976958,29753.544022918937,0.55,649673.3347908135
88.82609985418618,1297.6778321789325,31341.0134662194,0.55,649630.8685254763
53.486505662807986,988.8525090320985,28749.0780572101,0.55,649693.8469183441
72.89828359061525,1164.992284243958,34380.56587447853,0.55,649616.3952671459
79.15936828189402,1208.0794680794534,27637.019389076275,0.55,649678.6602699397
56.8886380494353,1015.9368466748161,32956.63480682952,0.55,649648.5212303307
79.39528999740277,1224.4020086132211,31429.27997959047,0.55,649638.7789591706
84.94732120052836,1297.263956798325,30072.630327185867,0.55,649643.6020219123
77.80753196131948,1188.8406196261706,28724.5429637453,0.55,649670.0936960074
74.17698067298817,1159.8003348079972,29022.878011855195,0.55,649670.5951797045
73.92236555523994,1179.311410235998,30287.852687957613,0.55,649655.6041038921
74.75136757071817,1158.8633679063175,35208.4739326033,0.55,649608.8516565252
86.44649543112567,1269.6270948118176,33868.969166671995,0.55,649608.9550569558
71.83423206052946,1165.4193515712475,26705.991779282955,0.55,649693.0897600186
69.08342250358227,1125.0975962191155,32541.45796029403,0.55,649639.5737088508
85.44070882447134,1272.307551928489,28698.302106125662,0.55,649660.3400727073
82.11666584974078,1269.1220142538373,30101.962442036987,0.55,649646.6857338692
87.65726844223072,1300.5061635248912,33510.210884538006,0.55,649608.8371515316
61.34781580596315,1048.12971329217,29051.599950335363,0.55,649683.7084349017
88.40525714761885,1288.7631274251762,31323.17975807669,0.55,649632.1166271282
72.92483720167881,1193.0891532530977,32407.36006043757,0.55,649632.7557010052
63.87980809171776,1089.1416106227005,28891.318705084625,0.55,649680.3898196744
84.21439499859895,1242.4079238434424,27016.15256455772,0.55,649680.7495234932
78.99716074745675,1225.8269462212756,30732.77272152354,0.55,649645.5730392382
61.99392452596793,1082.491380866588,29690.662333548287,0.55,649673.1944109605
72.17588845644262,1188.3483317860378,26896.255813388765,0.55,649688.4356420517
82.6693986787017,1256.0492264397044,34543.01594939643,0.55,649603.8439333333
53.730975949296095,1017.4240045445047,36128.58545544664,0.55,649616.6232649002
81.54558097753095,1259.6127393805602,32806.64436968281,0.55,649620.7800275775
72.48875185014718,1139.6036034621634,26335.68464621064,0.55,649699.8907211224
81.1800774642852,1234.9754390153255,34050.346583708764,0.55,649611.2994814811
48.27344812819541,955.1588225509241,29656.749527019634,0.55,649688.8134460237
94.17898724067115,1345.1441430055218,27925.499167879698,0.55,649659.3277111605
67.64833425396083,1119.6798770131427,26915.327008024513,0.55,649696.4851446782
67.98457970995634,1118.6393959937968,31673.384490574535,0.55,649649.029427575
72.11978152244315,1173.96093110215,33482.21065572317,0.55,649624.3025817105
81.5900082625042,1232.9546355986947,29325.748144270594,0.55,649658.7879622855
73.2918136517013,1190.1441053154053,35146.567328480014,0.55,649605.7170340773
93.65027312058005,1327.5098714747317,25695.823787840993,0.55,649683.7405775447
72.17418963514629,1151.3894453577245,25933.669056701227,0.55,649702.4965759901
94.7367288160976,1317.900686094933,29836.612013010574,0.55,649643.4857975385
72.56159494700685,1141.1929455852182,34133.07066711174,0.55,649621.7261398587
75.07679708117917,1213.9300400423074,29495.74005286791,0.55,649659.3709946662
55.89664478303202,1004.8275415866846,28530.669676687576,0.55,649694.1139982428
65.33776790968061,1104.357906977058,31321.191028722635,0.55,649654.2651408755
78.53780193079938,1224.6445230446377,31705.555973090024,0.55,649635.9870975037
57.55656809074941,1043.441843081985,27483.24883079214,0.55,649699.9544905222
95.27516483777534,1376.9346625630446,27218.800914971027,0.55,649662.5798313427
77.57758006254903,1241.9766120630056,29003.413633776116,0.55,649660.9286702146
70.71626579580933,1144.997736740704,32305.000722359233,0.55,649639.5502643675
73.92635584117738,1170.8650214616532,27572.866396126137,0.55,649683.7675334633
95.09098629046349,1370.0841820594635,31913.477647262764,0.55,649616.4551216803
84.38304592898933,1253.8026054707116,31347.605960441466,0.55,649636.067627739
52.200393177392876,966.8621561143798,33480.97362431673,0.55,649649.1668050231
69.97647219857579,1146.8136967688245,29444.23240440672,0.55,649667.9400323437
86.02344967384596,1267.5020395367483,31910.160705599767,0.55,649628.7981481996
64.78603347701322,1091.070204760112,28871.41803631051,0.55,649680.3573950657
79.29070490132354,1211.0301026078785,27315.76719309137,0.55,649681.5187157561
47.72285487788808,950.1803959042275,29515.746555669397,0.55,649690.8208869349
67.9358591168719,1128.835409089984,36036.630250840186,0.55,649604.1734484008
76.32330570508456,1181.543149364856,25873.297425561213,0.55,649699.4818478207
83.71349077045814,1303.3850623349324,29398.42214001901,0.55,649649.6095711195
69.20579831920438,1101.0312908439973,30180.785747388938,0.55,649666.0683876249
86.11996529688457,1298.4187316680209,30810.10240150615,0.55,649636.0887281847
57.13090897254887,1028.9100592414118,33671.5735730839,0.55,649639.8150571602
72.7570854089141,1154.6459661455413,30594.2438503872,0.55,649655.5000455587
77.21195823622725,1199.660811007518,30256.141016295252,0.55,649653.4792925161
56.132572189006524,1039.9244595475095,31415.13989516455,0.55,649661.0576659027
90.51179939149687,1309.6905368337132,30404.959005637957,0.55,649638.7875455235
78.50103385589065,1212.12772088094,32498.293380275936,0.55,649629.5617396915
61.71011550509811,1068.517843110631,31796.478948597254,0.55,649653.8130693407
81.63967039226435,1227.4795461579042,29992.72263213219,0.55,649652.7752281397
64.95259269793877,1116.1847060597115,33460.01138679906,0.55,649631.4577214048
67.17584315332797,1128.2431362563038,36445.264119351436,0.55,649600.1581824557
58.54182892305051,1048.4854587927796,28782.404048326553,0.55,649686.3577044617
70.65917489058394,1163.1278185661345,29155.93907620637,0.55,649668.8652710101
48.61061091861095,975.5856865964616,28919.53739225574,0.55,649693.7343436858
77.5877108126295,1210.9433613606448,25362.771818632253,0.55,649701.0590784503
97.22589874152155,1368.808105945391,31574.54553130301,0.55,649619.9975719736
69.64420973058921,1139.1101507927194,27615.99753406187,0.55,649687.1468065643
47.333055869431945,959.0219901102452,29003.681905125777,0.55,649694.8805421356
69.23724220780997,1153.8689137183883,25497.16895691508,0.55,649706.5640407846
74.16209392209326,1177.7076130981445,25101.717163625603,0.55,649707.657914792
76.82189928010399,1210.7802517721227,25074.14296898146,0.55,649703.9649400975
74.20484767446399,1187.1454498414557,29815.158763797448,0.55,649659.3909583811
93.26506325826227,1316.4569541355254,36855.02176530083,0.55,649573.4749478507
72.7347248607174,1145.7400955659646,30764.147203848308,0.55,649654.8697164936
70.23668577457447,1164.9856155237906,29573.081711389303,0.55,649664.4709090233
79.18577488742788,1214.6357519616429,28500.6184506913,0.55,649669.2375252576
80.33437884626754,1216.1032467671564,29882.234147766518,0.55,649655.2452689103
72.43302516196681,1184.9925315489654,28956.189045113875,0.55,649668.239005763
72.06944917538425,1139.1954538097027,33456.7609994289,0.55,649628.7289355486
67.17979416632117,1137.0750682367575,32234.134100154293,0.55,649641.20965081
83.7490349340419,1268.7188336680392,32186.01331559221,0.55,649625.8936068038
56.33673893624028,1031.0421979720054,32750.725801330915,0.55,649648.76767823
76.40027080820701,1182.5460661003935,24788.70433599358,0.55,649710.207428708
85.65070171707214,1285.9648304450204,28669.084250597145,0.55,649658.9933778406
74.3191349010328,1167.366074921094,32968.745134782905,0.55,649630.2286196616
54.08857547751744,1016.023962523048,28935.132396203386,0.55,649688.7258005353
73.02162697766246,1170.7650949043884,26828.82760583009,0.55,649691.2199125532
83.7227289031241,1261.5049438299602,29146.531321953706,0.55,649657.1540935208
77.7268721320886,1193.4120954580226,28686.268550230063,0.55,649669.9278630428
61.987593674879875,1054.8419806217419,32702.37867851325,0.55,649646.3951755404
102.42548948307035,1412.5531231898374,31547.12003857541,0.55,649615.0224248315
86.16784869112291,1287.7174254467834,30220.801613747415,0.55,649643.2658928089
76.82975838441244,1194.2985995007427,28689.875595769692,0.55,649669.7854121022
108.27445225642309,1443.4867166756108,32816.92655492067,0.55,649598.6123284497
71.48816738576143,1160.9716384758694,29949.77202956161,0.55,649661.1856830873
56.85311252132311,1032.8352592280964,29408.11567208709,0.55,649681.9786121717
72.99394461233689,1168.576862762382,30019.165916200596,0.55,649659.5791173065
75.80984385764665,1190.05225085685,28029.95414381153,0.55,649676.894188459
56.11904931402586,1005.6387324843465,32422.552246261595,0.55,649655.0978296392
83.297518909334,1243.9472135529256,32567.51070046111,0.55,649625.0512273691
86.82351674809556,1282.3242736149653,26967.97899605446,0.55,649676.4412972057
57.91955135911958,1051.7781510434675,33008.18024858396,0.55,649643.7048193889
67.18179998908863,1122.0827118632537,31445.8580090322,0.55,649650.8914944861
60.28943876278158,1062.9045372374237,30725.74141305714,0.55,649665.1940414009
59.332332485681015,1083.8327352306953,30719.9059231545,0.55,649662.7410125408
80.28306058390612,1233.6269941555347,28485.98476107032,0.55,649667.1049130906
76.08236425415889,1181.9999654894973,30183.870895463035,0.55,649656.3212951866
72.3431088603123,1165.1834461419476,26344.529766293796,0.55,649696.7326888
78.69701644343222,1176.369019618957,30506.799383173995,0.55,649653.767723814
70.33501645685293,1144.1684316339658,30288.86143899534,0.55,649659.811173814
67.16649746214404,1115.3225420313784,27485.251746507663,0.55,649691.3087774911
70.2013314934042,1120.4602522942284,29816.37933382386,0.55,649667.3809763865
72.003488124275,1136.0248785795295,26742.700205390316,0.55,649696.2500125165
75.21464835229008,1197.3470235220702,30616.840629261013,0.55,649650.1499508847
81.1326075502207,1231.9868070376922,30706.17836064973,0.55,649645.099799549
66.19415867419637,1101.8598774763072,34150.68228687887,0.55,649626.2699918341
71.47506253529822,1163.3755298084138,32586.44891881739,0.55,649634.5304472347
68.07641918390047,1130.1935489335142,29925.2035268808,0.55,649665.1247388591
67.4787135457131,1132.328483874993,25705.870424586486,0.55,649707.0618776892
84.47881925636446,1255.8409321851195,35940.680591154385,0.55,649589.8922822262
66.48397922836365,1114.4529042135262,33644.004732725436,0.55,649629.8256041672
73.13131742645284,1199.7427727478498,29219.0702272818,0.55,649663.8401649975
62.72881658205052,1087.0592622400573,29367.056951361843,0.55,649675.8823190177
83.43813240393773,1251.0637946493664,26875.767017781116,0.55,649681.1146744642
88.2128556295506,1308.084472971172,27588.867914353956,0.55,649667.1411841
77.03563382144404,1211.6379403306455,26731.651633224334,0.55,649687.2869308281
98.23925397376965,1409.9034872790655,27030.344614741465,0.55,649660.5081353792
49.694270419044464,967.952936426793,24285.3320777162,0.55,649740.9923268516
66.66922006373147,1118.2642331720645,32220.557812044804,0.55,649643.6027138989
82.86348662528745,1264.6004304807134,32470.79644408831,0.55,649623.5399839014
56.29209161654477,1033.2329449352148,34469.98195537524,0.55,649631.312227054
72.97607970623044,1162.6593415425111,29693.870371434903,0.55,649663.5421753005
75.85591224558557,1211.1336598378048,26357.600352818117,0.55,649691.0879572913
72.0098005010828,1128.3865853148495,33032.213620809,0.55,649634.2714735542
74.45357729252927,1181.442317514258,33985.57633903436,0.55,649618.371158508
85.1929762363608,1275.4867479229388,25891.34370411856,0.55,649688.028153208
87.99782420121429,1275.6208515113885,25086.813150244147,0.55,649696.0573663162
58.06173342471038,1047.918196778662,25657.22383231674,0.55,649717.6775780634
59.12878286341554,1045.7011212624445,29082.402655749294,0.55,649683.691838891
80.32762747342045,1218.4630776513789,25961.60810715355,0.55,649694.1683496103
60.87639146306595,1059.177795577822,33952.85049218246,0.55,649633.3701596089
97.92752215691318,1404.753355248579,28252.529950889395,0.55,649648.9042978613
73.76142748932166,1182.1356269906942,27847.307961544182,0.55,649679.6706451457
77.76597055333393,1176.2389118272754,33952.891197266916,0.55,649619.3224186081
72.88137527636171,1173.0317265985211,27326.505759725227,0.55,649685.9711352108
70.58625150914074,1148.559364266468,32077.451299596953,0.55,649641.3983632921
66.2105243994076,1102.410831737705,28271.114370280076,0.55,649684.9995564886
95.25628700635586,1353.2734309821521,29080.574834033814,0.55,649646.8014399419
79.37583780720672,1207.4245733065875,23829.012699879804,0.55,649716.8189242044
50.78972279450008,985.9512889945946,27976.776878835157,0.55,649701.9180765323
67.3602530276897,1111.503504624155,32112.520478361177,0.55,649645.4943746615
81.36667711793314,1233.9942205194682,31778.08312638924,0.55,649634.1398622738
80.03634781087943,1211.6114523296592,30091.97095968635,0.55,649653.6869161235
89.73912989222198,1331.3067656936391,32141.75237969868,0.55,649618.8256643198
78.2250792699813,1175.4553175824776,33803.33394590734,0.55,649620.912022431
71.94628506575418,1153.8251517939195,28370.1303046648,0.55,649677.839678738
72.90154066323088,1120.784637482069,34908.06826743523,0.55,649616.4251608278
78.49796540136153,1217.5458606013522,27869.65851858205,0.55,649675.197911542
81.52802723875124,1223.134208469536,24598.47437909365,0.55,649707.2391511927
67.31982970694501,1125.4363111838277,28488.416248279344,0.55,649680.0634801751
71.0892183733678,1140.2469413131325,28844.382127167817,0.55,649674.7265457708
81.83534751069428,1270.5987099885842,29733.348307472996,0.55,649650.1946717267
76.72612410774826,1222.8135483192252,31184.16380706959,0.55,649641.420736131
73.74060967116027,1162.205266971313,30723.295551327854,0.55,649653.3024124502
85.07171905149013,1288.4242765512258,24521.633199496668,0.55,649700.1727548189
66.10566962499635,1118.3619689463776,29856.556884463484,0.55,649667.2309948817
