Precio_Brent,Precio_Surtidor_Litro,Costo_M2_Obra_Muni,Eficiencia_Aparato_Estatal,Ingreso_Neto_Real_Ciudadano
83.57171802965489,1268.9015414864473,24702.141880082854,0.55,649700.7103962208
79.06322093816266,1212.634574976155,31974.412148454354,0.55,649634.7397295183
106.94044387715336,1464.1363797692552,29370.186218059982,0.55,649630.6017722471
63.06253566632192,1066.0296746463487,33272.36016545356,0.55,649639.3528373879
55.86148376175747,1021.6740070139726,29044.155069322267,0.55,649686.957568465
87.50967104787219,1281.3607796902802,31871.226275873472,0.55,649627.5244436784
86.70938872274188,1283.8259869352225,31686.196464139874,0.55,649629.0789169264
68.43222400505357,1111.6400508863949,30534.298498770746,0.55,649661.260208906
74.02305217802054,1171.1220981986182,27781.964890399144,0.55,649681.6456993121
70.873049277471,1152.2966451616228,27461.69463880165,0.55,649687.1074561926
81.51926876278388,1224.3584528665203,31683.89589548343,0.55,649636.2380267013
69.86602877593728,1161.754912627927,31856.296578919628,0.55,649642.0264446954
83.5236133762078,1242.7886926386486,26964.411398862692,0.55,649681.2212428948
83.52879970120955,1256.7026021517647,27738.540291358207,0.55,649671.8102848282
73.0586817295377,1165.0966956591935,28443.85452907874,0.55,649675.7498512302
70.1935132960408,1150.7687151582236,32100.47438850596,0.55,649640.903010296
88.30705467375569,1293.6400355087653,32722.536486897214,0.55,649617.5378308699
80.6353971152739,1234.9040912175467,32923.74746201735,0.55,649622.5740344337
95.23170504335638,1345.6454907595514,33100.7926176702,0.55,649607.5146149322
69.94798509314202,1135.1993636070265,29790.56755498658,0.55,649665.8704008172
76.54328365083367,1182.5193189750373,31331.464248333603,0.55,649644.7830392396
69.5187339003013,1131.2150476164925,29601.016087755284,0.55,649668.2440334085
78.31737194725618,1226.6953596076526,32597.499244603532,0.55,649626.821564401
82.22356527623947,1243.052574640003,35091.31808683387,0.55,649599.9205101748
73.18870370584257,1150.0808123261604,30011.628421121753,0.55,649661.8740183096
83.52858988342925,1276.9261500858047,34528.84415897028,0.55,649601.4804204
84.28127764750744,1268.3130411732716,28756.53654754186,0.55,649660.2370695838
80.93663793074339,1227.7492146989891,31779.22358339019,0.55,649634.8778584022
66.61638287229988,1110.0446060068946,28240.313823470322,0.55,649684.3915090444
63.85093284476579,1118.9020720484084,28080.454469447868,0.55,649684.9272066597
76.84294065373156,1223.2577746201057,29208.580290806887,0.55,649661.1232641375
76.2974602481633,1209.3686899031798,32661.243944605398,0.55,649628.2633177656
80.61372144221099,1262.703263426051,28860.3221891305,0.55,649659.8723864976
81.71600354486029,1245.6569620524833,31899.14649723935,0.55,649631.5296995813
72.86528171437078,1163.861686085483,31014.82676294947,0.55,649650.1883300403
82.3880798368798,1228.639099620553,34791.16706148738,0.55,649604.6516374307
57.94525933626133,1042.5034144542974,30073.097205462767,0.55,649674.1686182108
61.663576857047914,1067.0735441169484,31291.788125055304,0.55,649659.0332934555
68.94786268689748,1168.1675132764976,32430.106326477355,0.55,649635.5188351421
53.49920114672115,1016.9925684077443,30092.94865084848,0.55,649677.0314052826
100.97402324235293,1423.018246937858,28627.917049134874,0.55,649642.9586398761
84.77327147896122,1268.785341540481,26645.21521581173,0.55,649681.293606857
81.62586012793315,1239.8924389462227,35585.49844105024,0.55,649595.357922916
74.42168853241941,1165.0223695656448,33026.77946222519,0.55,649629.9295210299
87.47272293578487,1283.4183279262877,27874.999124865146,0.55,649667.2398094003
69.32055038734609,1156.25591205112,29847.191197919736,0.55,649662.7773785747
81.28050733916237,1221.4871882379196,31381.0869163897,0.55,649639.6106682474
78.3484582778542,1199.9719857983569,33539.4696217517,0.55,649620.6086654867
83.20772651470314,1240.1725621137762,25752.634075415095,0.55,649693.6529517922
58.085173035962384,1074.5936511514967,33322.367518472165,0.55,649637.8250866771
60.32721659543658,1054.3316294036936,25086.108804992975,0.55,649722.6191164216
59.5319316322949,1063.487889997071,27574.375695389717,0.55,649696.6376962465
55.383712901800365,996.194308750863,32563.319351869523,0.55,649654.8234894312
59.4946568339078,1066.1563623019854,31235.5022505793,0.55,649659.706214018
63.65029644435292,1101.664701434072,32205.49519965873,0.55,649645.7452838314
73.14116230620873,1176.4768750664227,30557.575328354593,0.55,649653.2470217084
74.28185943474496,1171.8014647796963,30878.700110428974,0.55,649650.5968231221
84.78474402152366,1280.7087898750917,29017.843111239574,0.55,649656.1365141026
74.80256833093863,1185.31365695421,26855.34426991698,0.55,649689.2089184663
80.60653894106714,1227.1823486673666,31407.01998816071,0.55,649638.6679182784
99.30109867834797,1399.1246504828023,28605.069230311616,0.55,649646.054349639
57.45623386347019,1044.5442669233355,29774.54634293534,0.55,649676.9092245399
82.00716373910106,1234.3591189003118,30720.01029776521,0.55,649644.6768027543
56.20767209728385,1023.0774251667967,30523.38393484219,0.55,649671.9968696316
77.14415019531252,1203.9645804055706,27658.78560529887,0.55,649678.9363942983
81.16937718573624,1235.5767109289316,35248.64152277787,0.55,649599.2443794608
75.90998324276154,1195.7822826624774,29607.329705253112,0.55,649660.432829028
73.904846992928,1141.031445750967,32637.235334744528,0.55,649636.7038731624
59.932808757901014,1054.722440230943,29339.075021616394,0.55,649680.0425569561
77.82728520306502,1210.0965302750485,30559.159025373774,0.55,649649.1968261133
61.3136828118764,1079.491422283823,32304.110674236617,0.55,649647.4199225836
76.15211076647971,1206.657632461787,29208.682366943354,0.55,649663.1142604352
71.1727609434679,1156.2829104873035,27957.165340149895,0.55,649681.67439734
41.42821273818001,881.418028419948,23721.303334874287,0.55,649757.0168032409
92.22171477821871,1322.2048091563615,28305.640799132394,0.55,649658.2790149099
83.15570711056927,1250.2778355929263,31135.815864801472,0.55,649638.6085010809
68.30831129332383,1147.6893454834242,28657.51397396625,0.55,649675.7021388023
82.3442290686403,1257.3022263580979,29047.70628923658,0.55,649658.6466699446
85.67594135529899,1288.246753630759,30697.675671921104,0.55,649638.4336328452
67.90897100259109,1094.7849779229055,31100.622093001653,0.55,649657.6195817193
83.71778994056122,1286.2219823733828,34181.17882323747,0.55,649603.8415738827
74.03562828473886,1155.0668239653828,27117.874260761142,0.55,649690.2132385166
88.24864800322656,1299.863170636335,30044.27220169819,0.55,649643.5736975067
82.05125236862587,1238.9799818364277,29595.684420172092,0.55,649655.3655579778
80.5100763457164,1217.9908709409044,26799.14615890624,0.55,649685.849633898
88.8381847504499,1303.1531540602448,28771.24348720043,0.55,649655.9091866408
84.65423929432747,1261.0017414215934,28536.59565962444,0.55,649663.3138344332
66.7113586921829,1121.422464469541,28549.661772914304,0.55,649679.9326865345
77.12951422273825,1210.9070929342577,34822.06370962398,0.55,649606.4705117517
73.9406953866305,1189.5315017864264,30493.789194850637,0.55,649652.3183278372
79.26191626173546,1210.4924476058764,30095.20859780762,0.55,649653.7888203092
83.32762657238955,1236.7086881853786,30592.043065104448,0.55,649645.6745267668
74.61679152686658,1162.5219383843912,28727.345997201923,0.55,649673.2239074219
63.25109016049992,1078.242567426708,30565.869705319474,0.55,649664.9521948555
79.12358024288241,1212.007583026656,24597.577214170164,0.55,649708.5833178951
72.15764572807383,1164.0108255407033,34821.73547290119,0.55,649612.1013462062
86.72448427596768,1304.0794375406454,32854.451667302,0.55,649614.9659508221
79.38376868431467,1252.4973117950167,30523.017647248467,0.55,649644.4701461121
72.14019748335895,1160.0010022007225,29920.647967334993,0.55,649661.5934000625
68.85824324889636,1137.938366284618,31618.53738122305,0.55,649647.2620222337
62.90335006706548,1078.2316638424652,25154.711596133227,0.55,649719.0650843775
38.498656617612454,891.0270057642268,32745.280754866646,0.55,649665.6239517597
84.87652458728442,1283.9872028197685,29195.960451586874,0.55,649653.9619311457
73.84153723141587,1189.7168947622051,30894.80456490756,0.55,649648.2859269794
79.88179352972294,1213.6792328663269,31473.2020761816,0.55,649639.6264712942
84.10229197487925,1284.2801587259153,32488.161989831548,0.55,649621.0047610545
62.24868001806192,1087.3721779074504,30453.336508898505,0.55,649664.9819735622
66.5991650447429,1098.4034419789377,27047.789006047995,0.55,649697.713696902
71.66126735537782,1155.568589024108,27625.76382544115,0.55,649685.0741310627
75.22982308728393,1187.7066352075503,36758.60689822873,0.55,649589.8891347928
76.36216013261553,1167.3522231889642,25984.862093335683,0.55,649700.069112284
75.06608000716102,1159.7910542921436,22877.283320960985,0.55,649732.0522402753
71.3021900388591,1154.904067082974,26402.19520316639,0.55,649697.3895599184
86.49017814205548,1298.3799892071206,29926.643697412583,0.55,649644.927964321
65.74498628765429,1111.5085819430078,31631.37521537943,0.55,649650.3052180131
75.60115052310593,1172.8185408666836,29384.254942267355,0.55,649665.4192256733
52.69826762065182,991.5021500013371,28700.9589442846,0.55,649694.0101525569
72.01006300750389,1140.9010494468541,28890.330899271536,0.55,649674.1885650737
83.47412152619397,1234.6585114078566,31244.497175641758,0.55,649639.3960068746
69.69559904283975,1148.3378642087878,25576.3322649662,0.55,649706.4361336454
79.29445015534701,1224.883438532505,25147.374455358608,0.55,649701.5402428225
58.67882418502878,1073.3281646111623,25302.31508536182,0.55,649718.1774693931
65.95856262577769,1103.193989785923,30305.95573676663,0.55,649664.557163858
94.14871012183548,1350.1463285528948,25965.37722066563,0.55,649678.328668367
74.4280746900222,1174.0014059688103,32158.55124387826,0.55,649637.5343188449
70.16941553294888,1146.9858409566848,29153.623821422774,0.55,649670.825460871
78.04203451628015,1211.6993070882597,32148.28438060929,0.55,649633.1132393434
64.21540726712198,1113.9698551873191,26424.134302821258,0.55,649702.0822743493
96.69215522710958,1375.2112143996376,31830.146340418967,0.55,649616.6731908679
89.86897411135809,1309.7452655645316,30827.532291948544,0.55,649634.5552452127
57.09368912611175,1016.388333652342,32291.95205149592,0.55,649655.1138794468
62.310708768044506,1063.1335826929542,24245.78993505002,0.55,649729.9660707263
92.38552366914574,1340.741240241133,30535.791335833477,0.55,649633.7531378127
57.043107562153274,1035.9127526370428,30973.07144166259,0.55,649665.9597552669
70.7356712870617,1160.8528904211757,38006.04089600005,0.55,649580.6372441895
65.40708059311443,1114.4975011564277,31678.896102070616,0.55,649649.4713388404
85.67610455730043,1259.1310347873505,29766.484831971546,0.55,649651.2394275058
61.62678856057981,1048.1872629525812,31415.927163273675,0.55,649660.0582568129
75.46132580846347,1216.3036326952683,29266.66954587102,0.55,649661.3768686178
82.15983429935362,1246.0009936529848,30033.886565701883,0.55,649650.1410151046
69.29400870120855,1137.8915749484559,33439.712734573186,0.55,649629.0558836604
75.17335804886467,1175.9135424901572,27022.435785170615,0.55,649688.6660170496
84.10476230310834,1269.9187770608748,33938.669979307255,0.55,649608.2230469596
89.80471213616268,1322.2659287204517,34316.66225942861,0.55,649598.1614659593
67.7873588946858,1133.0839325114198,31431.904127223017,0.55,649649.7108868264
90.57778089696487,1306.0590782227846,28291.850455449636,0.55,649660.3544060587
87.44310846771693,1289.4695879166338,31731.009228885287,0.55,649627.9535571611
53.295925397569256,991.2203403408505,25387.0096337363,0.55,649727.1834628216
52.24923691605264,994.1092226019465,31802.07460781176,0.55,649662.6861472096
96.70720913209335,1322.3465962151408,31124.218187411032,0.55,649630.0762265801
53.834323371776435,1004.2667237600735,25581.89842783505,0.55,649723.6690088704
71.55672230734716,1169.729733381657,27005.762197512548,0.55,649689.5748100191
87.11296794516386,1298.3673368194104,29777.921406107784,0.55,649646.4167055206
53.1923808515342,968.874270584987,28343.30643003853,0.55,649700.3020232294
84.19433058459117,1264.4719714957,29642.381224331457,0.55,649651.8395511772
71.02990569419416,1145.458458504443,35207.7651698883,0.55,649610.4673332806
58.86118300659942,1074.45980746486,21071.60471375445,0.55,649760.3487759667
49.85840008994145,964.2345578169251,29172.767750046813,0.55,649692.5641755615
68.63916225347289,1149.4824074964745,32932.139228965076,0.55,649632.7407188108
83.8716939679422,1246.4819129335822,29491.771263880208,0.55,649655.5044578091
89.44683291873437,1307.9218539732674,36403.989301014415,0.55,649579.0094845131
56.11809774085974,1020.2049962685691,31298.34066718442,0.55,649664.591993776
86.16559707505863,1295.9503787545987,26076.04705906633,0.55,649683.7254839587
75.71123503066312,1191.5246762907407,30942.499391965324,0.55,649647.5920449254
79.96133040854038,1212.530654194387,25076.810980288566,0.55,649703.7282116938
90.21792866591032,1328.446512870773,36467.12384759687,0.55,649575.9151799795
80.9401949941847,1205.6959194557826,31096.98779122368,0.55,649644.3466117531
74.45635187073822,1173.901117272822,28796.996853703946,0.55,649671.1618973903
85.8817921047199,1288.665396194122,31411.27027847856,0.55,649631.2474496718
67.50635108380705,1128.0780938202934,32801.943770649246,0.55,649636.6111910351
61.054531412769876,1078.3930645735895,30004.971686809222,0.55,649670.5431153831
90.112171985988,1317.2097362020513,29180.200324944395,0.55,649650.1328284063
86.68775806814287,1285.2969367240696,29983.183308322587,0.55,649645.9325345099
78.64706408858638,1211.2974811364413,25429.446333606582,0.55,649700.3498389275
82.04669408566821,1244.4362492903197,32488.197646616958,0.55,649625.785673619
65.00749772498698,1112.2242142665568,26606.462505760202,0.55,649700.4684692303
75.95293455182762,1180.9466162361978,27621.58501669202,0.55,649682.0705558846
82.20492356555263,1244.219294442807,25745.071872928966,0.55,649693.2429659376
66.65350035222068,1107.9006281958543,23934.189012741237,0.55,649727.710034489
71.68728443816136,1157.8566759359217,29951.289929619707,0.55,649661.5442995914
56.54689952446591,1030.8758415759867,25362.03455572509,0.55,649722.6745534537
49.548513673040475,962.2870121818643,33905.99811117829,0.55,649645.4655774264
67.98411442287328,1125.4112847441586,33940.31613850538,0.55,649625.5474844456
70.54028098233161,1135.8487948281202,27684.897509182112,0.55,649686.8491695288
71.09832584918324,1128.4413009938903,27466.887294688975,0.55,649689.9181709338
90.57952311745012,1313.6400219565314,27170.48741944365,0.55,649670.6583231707
93.92267613019825,1341.4343178265924,25755.207939886724,0.55,649681.475802462
74.58521531176294,1190.075849979119,28791.005469205185,0.55,649669.2808433104
89.0806097108844,1302.09693567611,25531.571464599274,0.55,649688.4326530729
73.40012397583037,1187.49392074358,30567.76570850296,0.55,649651.8230724258
77.89353744763578,1208.1911415249156,28096.04377750233,0.55,649674.056625242
66.42745052913605,1119.8625045386268,27783.028938004856,0.55,649687.7862100754
87.97336755242993,1301.4070137877177,31678.635255611898,0.55,649627.0448057894
57.24702835331004,1022.0593511851074,30413.576805021163,0.55,649673.2171098075
84.42264128899902,1263.0579100245927,26814.514853528388,0.55,649680.2879022618
49.27797495691173,944.8095809575179,25984.4088424146,0.55,649726.778761861
56.44171674903401,1024.3605022019308,31249.552280310993,0.55,649664.5812169326
66.25935330733955,1093.7667299510092,28416.432833776806,0.55,649684.5836640681
55.526972395552136,1020.4419339064827,29866.43501495646,0.55,649678.8826177816
79.50162421620027,1240.6595757740038,34606.57446329007,0.55,649605.0551062743
85.1521287828005,1284.0477131543003,30737.666129310815,0.55,649638.5376131284
76.29633808580977,1217.1076592807779,26784.472097252354,0.55,649686.1023599139
84.5818428394783,1254.000266092621,32604.778368851374,0.55,649623.4721843804
76.11801386845211,1188.2709947466678,31019.60897274338,0.55,649647.211390903
57.68984308768779,1080.5189008794098,37614.55538409898,0.55,649594.1921780534
84.02512153409552,1262.4425674653035,30431.212924797797,0.55,649644.1947626562
89.65827439222844,1284.5059087581753,30430.098735117594,0.55,649641.5583035978
76.12589507423682,1177.7226505535907,30230.610318158557,0.55,649656.367178752
84.84384293381213,1282.6837949188618,26282.926210140275,0.55,649683.2486825082
65.55558917827706,1099.6053153802457,30283.591603168956,0.55,649665.2114461226
63.322452847557344,1078.3456789345478,29779.572316393165,0.55,649672.8027953638
96.69240719611417,1358.3127699602094,32961.769567997995,0.55,649607.3847719248
56.529008426199304,1033.8635115846498,27439.967553226237,0.55,649701.5367030776
93.08101163342911,1330.8975036783695,28702.061842318028,0.55,649653.2716811354
85.3258288850902,1281.9037280327025,32497.466097671666,0.55,649621.1968916594
69.71095756754534,1148.154924209482,28264.7074411741,0.55,649679.5743346831
81.9455790212433,1215.2992337370906,34687.80120650079,0.55,649607.2860798866
57.79635723717977,1022.8304356551598,30690.688125678633,0.55,649670.3534664646
79.76681240384251,1241.5704880482228,29648.383038411284,0.55,649654.5277110501
66.35662966485033,1121.7253840565459,29077.00343227433,0.55,649674.6229195904
76.76965990964013,1198.4257063256155,29787.32123426049,0.55,649658.3157028983
71.78932056601361,1176.3212116538448,31109.992909221826,0.55,649647.7415255093
77.59455702339284,1210.2767645304693,28849.444556216185,0.55,649666.2723426942
72.93100029901177,1170.414808829605,28499.06482065019,0.55,649674.5595747338
70.35716177636334,1180.602930359866,32871.93854375812,0.55,649629.6082629192
67.57841834121845,1123.7173873936747,29750.815630287125,0.55,649667.6457572099
83.26513694281255,1249.6048073139225,28364.12396256106,0.55,649666.4061834967
72.42387313520231,1169.5448447900264,28484.148810267146,0.55,649674.8131305225
77.51778654149714,1208.249965089097,29626.086588514965,0.55,649658.7491383041
56.667392081370444,1056.0277906449335,28726.012911076476,0.55,649686.0165360118
75.96241118688064,1197.179566533937,29746.96470660934,0.55,649658.8688049498
73.43647119769889,1178.125805353041,31817.86151078868,0.55,649640.4462882497
57.22046714844211,1015.0267255890514,27985.697947019948,0.55,649698.3398134591
85.84174411396941,1282.0923039447384,27700.317609261143,0.55,649669.145747434
83.12166645330566,1251.0305020528579,29551.84871677075,0.55,649654.357852586
60.2920951766371,1053.5779734222467,30044.62893231832,0.55,649673.1243538662
71.43760966549584,1138.5694575975124,24759.350243944038,0.55,649715.7781626489
75.7962713459827,1183.4821786185757,26107.18492745486,0.55,649696.9102892912
70.29887938569672,1134.9240030596654,30979.05698541003,0.55,649654.0185497787
73.19167781914899,1172.3103207093222,31844.727666147315,0.55,649640.8754848534
73.60327170104132,1176.487617618516,35515.38283176809,0.55,649603.6676575681
86.25200464345593,1294.204481429528,33586.00476919517,0.55,649608.8354145365
57.80082870192902,1040.2802096884272,32227.30299507625,0.55,649652.8933448866
81.64961326261493,1236.8040001768802,25907.086486473687,0.55,649692.512655114
80.00521020248375,1218.2552205601953,30289.066350025914,0.55,649650.9187100325
88.54052959929514,1273.6267799963039,28733.268909663017,0.55,649659.8320973037
86.77695168352915,1276.1702118211565,37252.645161459266,0.55,649574.3331229669
53.01594385279405,984.5489206312218,32310.14664517544,0.55,649658.7526630724
71.30352384562084,1159.446198943546,29113.64434079558,0.55,649669.7300127188
80.93872497791914,1228.138365574049,29929.308163072674,0.55,649653.3303145004
101.96637636482731,1426.5049129162878,27137.38504888583,0.55,649657.4455599613
79.52487432281823,1233.253656909855,29462.381235597382,0.55,649657.3857488149
88.55524724794279,1322.1911826229007,28898.86717912857,0.55,649652.348386294
68.9197202187384,1130.4632709753241,34478.03306143533,0.55,649619.5640768687
63.26316293689871,1085.5195066376982,31828.063553850287,0.55,649651.457023665
89.98009867597767,1294.8841083068512,33793.87933733465,0.55,649606.6751136299
72.9677814362632,1201.1763043334106,27249.913767696304,0.55,649683.359705803
57.57382828293735,1068.0243995304777,35009.58027572495,0.55,649621.7412692991
66.58774352486226,1139.647993671406,23700.359810177008,0.55,649726.2386426576
89.55877211558607,1310.5813435144862,33499.03704435991,0.55,649607.7398683347
99.99898410044078,1403.875366470488,29692.58953001214,0.55,649634.6090607235
80.5852379126113,1233.6282958631534,28163.441821394936,0.55,649670.3301862824
73.34852749507422,1166.1792540539436,28236.673997210222,0.55,649677.6917495414
59.19801042212176,1060.0025341911364,24026.00616927052,0.55,649732.5396342044
73.65437980661716,1182.0724380791648,34038.45970822901,0.55,649617.7667103482
61.015410614625374,1068.5913491459764,34280.1748714348,0.55,649628.9672893882
75.7284442700834,1180.883899605252,34024.89206292053,0.55,649618.0450114182
78.4390999163447,1213.2812658310538,29963.925973745023,0.55,649654.7669883628
59.36774801000008,1057.5052133663653,29879.784450572035,0.55,649674.3015298903
77.17935137825815,1193.0000172007178,30634.401006012555,0.55,649650.4959878759
63.39604758839804,1065.575554296715,31317.137984085795,0.55,649658.9595536436
89.020399307707,1267.4501887451088,28114.257027735533,0.55,649666.7634070732
59.628029216231354,1035.2848069721401,29883.2281636984,0.55,649676.9335415263
74.68764086630902,1183.1308697621364,27708.16133623456,0.55,649680.9426822662
70.53953546709593,1158.7416051233067,33048.49571681708,0.55,649630.4660502169
72.85910870143526,1172.8520272233316,29736.185979996077,0.55,649661.8958969333
75.91109857623033,1152.5247586291414,24313.6942934873,0.55,649718.5600860297
82.69919038490436,1246.2439627093638,35063.11537277959,0.55,649599.8195707471
84.99200844783084,1289.9555427779314,29525.366037657754,0.55,649649.9516744901
69.26443725984737,1157.1776790728404,26797.957679128507,0.55,649693.15910172
82.59699143258221,1249.8731110890792,30620.195322815045,0.55,649643.8132734412
66.28463885790087,1127.6818048691596,30697.8131854987,0.55,649657.7000515606
82.27997733818495,1260.2000932341793,33614.00501292536,0.55,649612.6359386826
86.31761288984357,1313.5828961486486,30568.147789385064,0.55,649636.6885745684
80.49659248928187,1215.3656220329951,32677.883458723245,0.55,649627.3772907689
82.3172289050946,1231.224305960014,34006.12181513584,0.55,649612.1918651335
58.04819716561172,1021.733198724845,24803.708230388966,0.55,649729.3549338491
95.42291479440195,1368.8909113032553,27660.217641857682,0.55,649659.1309142251
72.63301276805318,1183.9976186685003,26824.283817698728,0.55,649689.6774475827
69.69501118345626,1155.804978270769,29419.473180398,0.55,649667.1086708036
97.42768852012752,1389.4119370171493,34450.70034212702,0.55,649588.7635641366
69.75613774048935,1154.0139631492204,29143.976014874257,0.55,649670.0785642733
72.3511924043637,1170.041351294005,28359.37721724838,0.55,649676.0012656723
75.80594174658027,1183.708919567081,26010.10242451822,0.55,649697.8539054068
63.39371661891005,1087.4595309548524,30658.885907023043,0.55,649662.9159972152
72.125772013445,1170.3519041515165,28465.99808380347,0.55,649674.8977906638
71.5194645356931,1152.817357309736,30627.173344724448,0.55,649655.3901836756
62.088310432447386,1069.6299156603452,30437.93217392818,0.55,649667.2650883815
71.33626981533546,1160.3604568483422,28377.80081614339,0.55,649676.9787370168
86.70344357960853,1285.3666247183978,29797.0154913647,0.55,649647.7858501201
66.52302975697754,1114.9466865097827,29766.92680364312,0.55,649668.5371295825
76.01858902102882,1181.7661207123042,30379.49788506899,0.55,649654.3930866639
74.85565516271292,1161.04879217302,29326.513155965167,0.55,649667.4090133796
89.97613060738081,1301.8413504028192,31720.05734040923,0.55,649626.5784645475
48.500394209599676,969.7475602570909,26260.65016615465,0.55,649721.0237911076
75.5553627328674,1178.5315490826831,29908.565543769084,0.55,649659.4905586725
102.17931574403951,1410.750834857229,24582.647508404007,0.55,649684.8834247331
64.38317399725595,1068.3791162444836,26599.703101540435,0.55,649705.7974750352
75.11242572628298,1171.3804592487745,27551.999440188687,0.55,649683.9143504883
80.06983039410976,1227.8110919826513,23931.706979784183,0.55,649713.3455991641
50.30408242269113,1003.3278262144465,35559.93794868059,0.55,649624.0012813675
69.35745156660413,1130.3701065722964,33646.829529188486,0.55,649627.8872919194
69.25259549162986,1127.9970588745625,28128.197513944087,0.55,649683.3583777957
78.51621672636627,1244.2272496543485,27558.598493964622,0.55,649675.1067451019
75.35562874959368,1167.0837986445024,30926.260869585858,0.55,649650.6873354667
99.49947048723985,1395.4277825842953,29110.99330327671,0.55,649641.4387330571
67.70639434870601,1113.466535071955,26408.200916822156,0.55,649702.3020066231
76.00125766967787,1186.8967687679637,30361.410819956458,0.55,649653.9582795482
81.00094729720045,1241.2425134827342,37841.36599137147,0.55,649572.6372384684
85.8704301914195,1279.1707480597306,29371.944612994026,0.55,649652.7800641028
76.40994017229492,1182.8506037078032,29218.385380561806,0.55,649665.8740737494
80.29338428784482,1239.0262451886306,23999.096013207323,0.55,649711.3258904453
74.62595900933393,1154.4912428541636,31907.489818941733,0.55,649642.3861526682
57.5932527670699,1029.6372923901831,28591.542814333658,0.55,649690.5280967698
87.15231181873783,1268.57927866895,28877.905431201743,0.55,649658.9914322477
87.2743278016314,1305.6270003379477,33835.52845870542,0.55,649604.9694753725
66.88112181054291,1114.2026976846844,30799.608198281414,0.55,649658.299594295
75.88796816875863,1239.0879281987584,30208.846089394232,0.55,649649.2209877222
55.85992972258469,1032.1160591812802,28910.13710394478,0.55,649687.0447018589
85.07934798033483,1265.4397691581148,27894.688819215382,0.55,649669.2003395088
62.21474437962746,1066.7253377176753,28041.918538603943,0.55,649691.5737740878
71.63712479353174,1130.8966530140242,28066.534091789592,0.55,649683.6270607205
55.51939188520538,1022.539863353218,31210.6979109493,0.55,649665.1882372882
64.28195419364337,1095.484955094362,27155.41337604019,0.55,649696.9876716282
78.27103901893231,1193.6911786848755,26427.97255844789,0.55,649692.4773329734
58.560680953826505,1026.6430421956504,30559.81666510374,0.55,649671.2046682854
73.00345094192302,1175.7408126932085,28325.565118452963,0.55,649675.6554512923
57.97064279871317,1048.9047516380824,32761.53780789038,0.55,649646.5160517246
75.53981085474817,1176.6074333832933,31948.942598641137,0.55,649639.3176820076
83.7281333277052,1273.8633865308198,28316.24254599323,0.55,649663.9739681564
53.892933056790824,1017.8466174833586,27377.44691848683,0.55,649704.0839367171
52.803962794995385,1008.8729370387791,28312.409227574695,0.55,649695.8111552796
88.44837439932097,1281.7950349275823,28166.053493948,0.55,649664.5240608692
84.36542928460112,1254.2812971520798,28415.56031655623,0.55,649665.3306411762
53.55981745344511,1022.9627556635472,30022.74731552825,0.55,649677.0169961652
78.3006239190888,1205.5649393479616,33201.605199567195,0.55,649623.3161552825
75.59823530744251,1211.4743069246651,34079.009425692224,0.55,649613.8329889121
69.82123380252543,1149.8988159776914,26167.930431506567,0.55,649700.3328377677
75.05413651821594,1188.8866751024764,30969.625393211158,0.55,649647.6373450556
80.03729180304524,1215.9133642734516,26988.143119345703,0.55,649684.2089650937
69.42171201049764,1109.9425650090582,34812.59861569956,0.55,649618.6809060419
90.35672145289689,1320.1407372162294,28735.618343820657,0.55,649654.2269280958
54.80254367832313,989.9451018532977,32415.08227844494,0.55,649657.0557649932
98.32044301296739,1379.5698853109816,32737.552739096398,0.55,649607.0760863717
59.439265347714496,1050.1512134427314,28122.491549348226,0.55,649692.7569388933
79.5711907538678,1228.7705681584123,32428.029606317636,0.55,649628.2672357578
78.61149376632679,1223.9819328628614,31385.77858517486,0.55,649639.2643822047
54.55181196350446,999.7882896783958,27597.33026499827,0.55,649704.0521025886
77.05507241506861,1216.0260517612776,34972.41017727954,0.55,649604.3527720158
67.16800870281861,1109.9065050813665,30395.797719220238,0.55,649662.853242198
68.96454306360195,1156.0883222702014,30232.61677870618,0.55,649658.9432335405
86.33636968304856,1259.3970756318713,26278.51987824391,0.55,649686.0871521417
83.40685262621452,1260.6507095798509,30231.94146506369,0.55,649646.4025001997
95.19777596702113,1356.2846571180564,33063.830663377565,0.55,649606.6075345121
78.37494132252779,1228.193433786127,31208.999699262506,0.55,649640.526790953
73.99373635582819,1171.9837950732606,28498.69210730897,0.55,649674.3750235181
83.23135861498727,1291.9175046893108,33385.32948201547,0.55,649611.1166046171
88.4572996376267,1310.599723280449,35326.398798900955,0.55,649589.4640452173
95.42316659928605,1336.8020787062292,30222.590842911024,0.55,649637.3578421262
75.61569609123009,1186.5747584759727,32449.65069978289,0.55,649633.1145219851
72.96697545330399,1151.1051253805038,30096.36851441173,0.55,649660.9036998103
80.14490096772326,1239.520468941098,27390.720142672602,0.55,649677.3503423004
60.64214148974532,1044.9663197521645,28929.486611063283,0.55,649685.309175519
73.89005383381098,1173.5125287656099,30823.72762831994,0.55,649650.9412202649
50.739378210145105,981.611677002519,31775.512092063673,0.55,649664.4514778391
71.15360477222336,1160.9931504866292,35434.99388147821,0.55,649606.3308831268
70.02992700425217,1121.180980842964,30808.437641797063,0.55,649657.373905881
68.29169382410977,1134.004193765799,30220.712330673035,0.55,649661.7123734414
83.85253961575927,1296.555345142042,28148.460486834876,0.55,649662.9287537147
90.04007064897547,1310.8302701439507,29978.677782695682,0.55,649642.9135897558
69.30626560325396,1142.191471183328,32021.96244402794,0.55,649642.7173990177
70.07643476001837,1152.2617785907976,30661.780371964385,0.55,649655.1107828495
72.82250518395705,1174.9480085172697,29167.55731651703,0.55,649667.3306658127
78.49758524938552,1213.1690600042896,33965.66120464632,0.55,649614.7631007531
59.74357186442628,1040.4608506343252,30223.169432803104,0.55,649672.9130035959
76.35537797673311,1213.5518093472708,35174.42690161043,0.55,649602.6295138622
84.53212904148658,1278.5482493350155,33263.41174806442,0.55,649613.9400925993
66.71855075655895,1146.1310399991482,31008.609812698574,0.55,649652.3781770732
65.54256156381449,1126.3586589327515,26724.00643193541,0.55,649697.5968966087
92.49754880842187,1324.4286905437943,27449.86194994028,0.55,649666.5699376353
66.74085351941696,1111.524578473844,29321.023772184948,0.55,649673.4068128613
67.97162427082819,1129.4334808572546,30607.778747595094,0.55,649658.3901948213
72.20790235322826,1164.8633123453853,31524.812166235664,0.55,649644.9682808561
56.99621090474682,1046.4510757355044,32034.175596013738,0.55,649654.0841149515
78.40482225885407,1195.2276656326035,31052.99734710675,0.55,649646.042706653
69.29418750045718,1149.2551388990632,27721.135624863105,0.55,649684.8780270835
63.13282407310466,1081.6282925779124,28989.758477856176,0.55,649680.307020112
96.73189584742099,1350.29977133184,29698.443304835062,0.55,649640.9795943918
65.32940346526098,1110.6842095360985,31703.813743412033,0.55,649649.6797574215
81.81232715566065,1256.6610510477183,29201.465144089274,0.55,649657.1860224333
71.51138230134528,1124.1241016215472,27953.202944095585,0.55,649685.5730783645
71.65880457310168,1169.460137537302,26875.46644502136,0.55,649690.9101190453
78.53394937899795,1220.7740968234684,31684.624446911173,0.55,649636.660863912
69.88238990050975,1142.4822908218584,30254.83815796596,0.55,649660.3537435217
72.6921546636347,1185.5224987224833,28920.424480731388,0.55,649668.533055346
64.14447223042924,1090.8401853694152,28025.41655608925,0.55,649688.8450121947
83.00429681830227,1239.7353627223097,30807.36304993107,0.55,649643.158125974
88.62646404306861,1282.176518005642,30762.939503955848,0.55,649638.5094227998
84.52266003126545,1247.2614395967878,31983.070251330424,0.55,649630.4979247351
91.6829946491587,1319.9380745574351,31738.91966975604,0.55,649624.2182343556
67.75148290090507,1139.2590332759673,29986.27468199537,0.55,649663.426169187
62.29327070688768,1092.7532532540417,31760.119731390667,0.55,649651.2684122956
77.22016939011718,1202.866466542783,32948.18610991708,0.55,649626.1741629157
78.70665740812495,1235.555390485911,33565.58675086014,0.55,649616.0774856331
85.33237399420524,1240.9559994885697,28662.864486615897,0.55,649664.4566351952
61.21616139758474,1050.1099805184344,31203.360464901158,0.55,649661.9531976888
91.13227514487012,1322.8508513561653,30621.528544827957,0.55,649635.042612389
63.64209095402134,1084.1528821491793,29735.7145883595,0.55,649672.5445082585
63.45550695412412,1066.7431835031148,33310.80039552748,0.55,649638.8828140245
61.32729336506217,1074.0802680366655,25935.619926821626,0.55,649711.7541685674
69.817570250336,1147.4535296387137,32513.104563008492,0.55,649637.1745308132
73.8142290236372,1203.3866129325593,26680.653254736124,0.55,649688.7870739008
64.26972591736576,1091.8319836232722,26100.927438227896,0.55,649707.970887583
74.27988133749602,1183.962949141275,31533.154283952,0.55,649642.5929032635
74.6958718216845,1175.8518983373326,31221.708818263913,0.55,649646.6806840168
79.99225107380194,1252.6208815792606,29230.055178122435,0.55,649657.3849424293
77.89588939497409,1201.4972377503136,31497.105996752107,0.55,649640.8492715025
61.06889606222125,1050.3423435696463,30526.91098624216,0.55,649668.6898089092
85.20560083145365,1276.6346911411952,31537.05139065462,0.55,649631.4333231564
84.2504782657877,1296.1655904318216,38393.56742500062,0.55,649560.5244548982
77.91850210383252,1203.3110154718945,26712.286657439956,0.55,649688.479811569
93.49078143720733,1337.4988848534913,29406.069577858223,0.55,649645.439438039
76.67728824857824,1174.5644227921969,32834.01619992995,0.55,649630.7121072656
80.98274886189479,1264.6590625338224,34365.357358097994,0.55,649604.587338915
94.77999331072414,1362.0984523281675,24164.292566691416,0.55,649694.9052600537
90.51368719733661,1320.785592341767,30342.244299966467,0.55,649638.0832859193
69.90113596705865,1168.3331748123642,24702.59734165727,0.55,649712.774045606
70.24660029836967,1178.1652613980964,29487.478279900344,0.55,649663.7453858332
64.96813842931573,1096.8734512968615,29507.585704717945,0.55,649673.2993287971
83.08121251490056,1254.7431603870077,25397.093953209118,0.55,649695.4598812215
69.87398166407917,1123.8233095179996,34014.41734733031,0.55,649624.9970293845
96.07495046188411,1371.9250125885485,29767.947044505843,0.55,649637.6895280443
73.75583855235578,1169.7699882567226,33623.13417395707,0.55,649623.3962596697
77.59562452144833,1188.7978363969905,32663.41489772678,0.55,649630.7101106552
66.46599269211556,1104.913650040149,33530.54016918998,0.55,649632.1049603033
65.25156954884397,1098.3905469272686,31407.687509035204,0.55,649654.1162592784
75.84323696082538,1186.8599151977585,32302.850864212553,0.55,649634.5483015341
72.39923903129444,1167.9292673629377,32330.142638211182,0.55,649636.5470615342
71.40270050640834,1170.5520193520294,24305.46669062151,0.55,649716.4790907715
79.40702130831339,1190.8344164813043,32085.17456514663,0.55,649636.2481243708
94.55289797531034,1339.19527797213,30708.940838887986,0.55,649632.2071582545
88.05176514138313,1291.5804956209658,29418.369862119405,0.55,649650.8266419043
66.00548890293723,1094.9326288083573,33312.62688674835,0.55,649635.4818156755
68.23321328985787,1108.2553078528365,27473.929441738976,0.55,649692.2700686402
84.113417500333,1266.07918304985,32662.14208209561,0.55,649621.4490772131
68.97498704631485,1127.5664912741136,32052.98081289563,0.55,649644.1622129182
80.32485702779161,1220.8682870088683,32411.335766353695,0.55,649629.3824478955
65.83536215786799,1091.5226842643049,27953.672700738545,0.55,649689.4805508809
52.16889240764378,978.1184430685728,34824.74047146645,0.55,649634.378382117
57.33903432010538,1018.3637636031403,35459.30920205652,0.55,649623.203256347
65.14273133719237,1091.2140070337914,28645.367400151124,0.55,649682.6006451545
56.81968848097597,1004.7926398158505,32601.31330371856,0.55,649653.411750185
98.47377704014826,1384.8125940342625,30389.05568882829,0.55,649629.9319318276
75.99520271995812,1197.036798268305,33145.509715062566,0.55,649624.9004870572
98.00057007306398,1381.430845784766,29659.33267119276,0.55,649637.634971794
74.25382152870085,1200.5678348204074,29742.06560811901,0.55,649658.5112037404
56.6068271611409,1019.9167887059776,30788.477508967273,0.55,649669.7252102656
97.04105216010187,1365.2072509213103,29547.315663700898,0.55,649640.7019732523
61.976880336251575,1067.8952707764263,31028.335583838816,0.55,649661.5692116685
67.1289973677794,1113.3624351038782,26512.013240160908,0.55,649701.2763753859
81.907323595562,1228.400028964727,32896.805228408186,0.55,649623.6239442402
75.38714350572741,1162.6324571708303,34112.171743572784,0.55,649619.3623877037
63.61748141756659,1095.760109521885,29217.75834151188,0.55,649676.3312034423
54.66149264757607,997.4001755751398,25041.87670722816,0.55,649729.8932118587
84.17034880777584,1257.5078635938203,25760.343991451264,0.55,649691.4956164542
88.24164935961049,1329.6631974041545,26883.8580077857,0.55,649671.6018362336
57.756577555984,1054.7066161851792,34753.73911437076,0.55,649625.897814914
60.97867375521463,1055.9179879582966,33523.19797027617,0.55,649638.0578617423
63.53052278875667,1080.3385435385246,35496.3486147862,0.55,649615.3958886276
61.81763955543404,1053.6205829161638,32134.661489661125,0.55,649652.2189151534
81.46945468496119,1262.7904961990398,35058.02274401015,0.55,649597.884913016
81.16412289036374,1236.4394914954387,28481.646000167486,0.55,649666.810801019
82.09711185816806,1225.2894315450358,30067.932001649802,0.55,649652.285948198
78.23960804100523,1185.8379526493181,25358.412113682298,0.55,649704.1153245453
85.17395095697313,1258.7877025576438,29377.810276637436,0.55,649655.1673729267
65.51567124142053,1121.4230242917947,30742.376619256713,0.55,649658.0054708924
76.06157133751006,1186.1916382138086,31294.03097586623,0.55,649644.7166936557
71.61355379344681,1159.803022133495,28830.046015423108,0.55,649672.5231771898
80.19140531766243,1239.3006843061464,28059.892471926418,0.55,649670.684993164
86.29446045533085,1266.8302992339852,30720.82280678664,0.55,649640.7721360241
72.63568634462669,1164.182856190015,31860.06963155651,0.55,649641.6973609417
55.52901236664776,1021.2788675094705,32480.013871301035,0.55,649652.6463971859
50.35872931600014,969.279016311754,34375.77358105732,0.55,649639.928782232
82.46276285524117,1247.6530841485094,28318.459738632388,0.55,649667.0970325159
76.15506240956127,1193.4261183522287,28762.08151752563,0.55,649669.1680506225
66.90372898057983,1116.0992913197354,28109.40409999027,0.55,649684.9740440417
82.22004188155915,1242.353157192918,27044.970956009653,0.55,649680.4679115767
70.23747610232317,1120.6280995048562,30055.715473450462,0.55,649664.967473325
57.51481889499471,1048.915038703863,31850.567927783217,0.55,649655.6245160777
93.23482054977785,1336.0774032988702,32762.212921132083,0.55,649612.0485823929
76.5734739602918,1190.597133940208,30939.021896686212,0.55,649647.7381249603
80.55539709956754,1243.8211548838628,34914.76312803606,0.55,649601.5938301336
75.45656776639376,1212.8050413730355,34676.8357653388,0.55,649607.6950373818
59.61526167825332,1050.4568739233582,28396.576112025574,0.55,649689.979414009
92.68783788318612,1357.340432718897,34375.67376653773,0.55,649593.3624104083
67.5953285226358,1139.1100081875427,27325.874793509243,0.55,649690.0480510824
78.6912976594952,1231.1921549425442,25203.633296921995,0.55,649700.2206084377
82.32200528243803,1256.6538427024348,34082.34937130827,0.55,649608.3780451627
78.08397454416541,1217.1132763312987,27127.576242025687,0.55,649682.67064442
66.04410983506811,1113.323683350472,27490.587271452187,0.55,649691.4952852834
99.35635944719635,1383.7324455269304,30682.61961941786,0.55,649627.1259103426
84.08937513503272,1283.170022860158,32821.78098115615,0.55,649617.8017874452
74.68492793324121,1168.5300694440807,26676.95571422717,0.55,649693.0068345245
64.4633723903603,1067.0663414644519,27589.519710010045,0.55,649696.0568419241
72.5601567682258,1140.3094697559861,27736.69670248183,0.55,649685.7958966044
76.38390902007175,1198.8090291329077,29568.97118846752,0.55,649660.4532046193
86.21691525507397,1271.1766841814313,29523.94992979678,0.55,649652.2192986003
65.83513639980478,1132.9288100085507,30561.923629074976,0.55,649658.4293065082
83.67624032150412,1252.9526481841415,33421.068379598975,0.55,649615.4349984219
79.8900771291261,1199.6451305533415,31352.35223043973,0.55,649642.5190620292
51.37553999979005,971.9002050613594,25287.654874326872,0.55,649730.4954266495
68.37541973366574,1139.9768432094913,32698.350527545328,0.55,649636.2192735394
75.80920405645928,1206.8672581448795,31508.83816209914,0.55,649640.0875474017
69.98635992009991,1133.5689511942962,30381.87881449835,0.55,649660.1529377117
75.31904983705007,1180.0713967767485,30471.35785307398,0.55,649653.6778538561
73.93078438902653,1153.5384352364022,29942.843695098414,0.55,649662.1469508206
85.9018513538428,1237.2486797278941,27430.119422469354,0.55,649677.2289642079
61.39837393613718,1077.845453248982,27537.474192219946,0.55,649695.2838036879
77.14888450068683,1235.8869282456662,27364.917359095816,0.55,649678.0443950195
84.54222338276236,1259.286784704375,35191.299037351244,0.55,649596.9725954619
84.3485750534452,1283.582468623907,30085.804269536373,0.55,649645.1120610698
71.15307741106986,1164.8255328266828,30574.80005977089,0.55,649654.4729354631
73.55345412915118,1158.1621455604889,35020.860635298595,0.55,649610.8119361798
78.84220820976488,1233.1964041069198,29157.56593552356,0.55,649660.4407721519
85.55846718073936,1265.4356820319751,27033.5162919481,0.55,649677.8125552366
84.28856383849131,1237.7905621997722,30550.48401123863,0.55,649645.9602924236
73.34935364353666,1172.9366948133954,32172.964340531023,0.55,649637.5179532171
97.35956698797123,1365.588526856897,28011.42317424793,0.55,649656.0151450348
41.0373446886002,894.178015915527,34378.220429393434,0.55,649648.9164337963
62.01266475230372,1051.578097513364,35933.47357098971,0.55,649614.4758925885
88.19412768437837,1287.6845178205679,27638.027768258424,0.55,649669.097580179
53.198097805942425,973.6206410091492,29248.914906260467,0.55,649690.6763740162
64.60358472502935,1096.1135350774239,25169.415037987543,0.55,649716.7722254108
66.50618086032813,1108.364085837799,28530.24612864441,0.55,649681.6938484131
50.1881756393781,954.1892883031468,29816.420865310494,0.55,649687.3330767505
97.60433900845715,1379.0734904118667,32523.549068195745,0.55,649609.2756904686
61.87933412113833,1075.5188150412687,29790.17632930509,0.55,649673.035978902
59.659952815627236,1054.607480310917,28829.12960209406,0.55,649685.1558063417
62.57450529094366,1036.1032393413534,30000.44358246445,0.55,649675.6631754544
53.77384796753111,1006.2359120213871,27199.068856275673,0.55,649707.2610019947
71.03566924708235,1158.6363332063918,31499.732906286317,0.55,649645.9663109523
87.0021793012579,1293.5052328312838,32854.642774678454,0.55,649616.2329443134
88.82689585196935,1293.723573227438,28189.871724594705,0.55,649662.8544539668
66.80897391531263,1085.6604437346093,31538.799936372907,0.55,649654.3327473882
86.61844457606537,1279.9536704120578,26390.324797307385,0.55,649682.5023115774
66.64467159086084,1097.9888970588167,35412.15824265963,0.55,649614.1197499264
87.427411267492,1274.86925861021,29042.935527596725,0.55,649656.5863336908
61.43353224176224,1078.1390221986244,32906.25279950245,0.55,649641.5607893412
89.51374129533892,1297.4784918802613,29054.999462206768,0.55,649653.7525863523
70.35414772342901,1170.0752338686345,30983.207607502045,0.55,649649.7588958608
68.31242251109835,1133.641173651266,27447.141049478603,0.55,649689.4916486671
71.73703117665242,1159.6652600058262,33640.468105688626,0.55,649624.4354877424
68.04075647749345,1112.1199038711559,29858.819304515844,0.55,649667.9574184903
81.6174461650161,1226.7445742909638,27302.214676529446,0.55,649679.7685043198
62.78543453430135,1064.3959942868569,31453.956089682073,0.55,649657.7329197888
106.96208715247178,1482.7192835976439,32783.371214786115,0.55,649594.2399738204
70.82794544480953,1172.8066460335654,31467.06533612821,0.55,649644.5925491147
77.68791686413637,1181.3646805585277,30877.525055143353,0.55,649649.4609877815
74.38085402857283,1176.9432034807026,27558.042946905003,0.55,649683.1863861133
73.22963144145072,1184.9170466306657,27309.456343189526,0.55,649684.7153909724
54.37144816904963,1032.9550094894278,28196.739306480915,0.55,649694.0780057965
79.31466248715256,1219.2287621705468,28569.788048231378,0.55,649667.9946680572
65.20820280173714,1114.822832760227,30040.536426755167,0.55,649665.8158958013
63.626651736999804,1069.1814083623776,26866.109049052193,0.55,649703.037140506
80.32741962247347,1213.2901537104183,27885.221849567108,0.55,649675.552963059
93.05556707726353,1334.275623858529,30877.839500538368,0.55,649631.1085301316
88.83101078736918,1315.5923175137827,30994.469906152022,0.55,649632.1842228367
80.23237197620715,1220.1667648994676,33818.57220185983,0.55,649615.3942661935
70.43554453113005,1162.032608075258,25549.27584840722,0.55,649705.0633285468
76.77427191561615,1193.5458212527144,28533.081923593338,0.55,649671.4436822138
70.54898414122138,1133.090226071738,29981.21813248323,0.55,649664.2169915466
75.22321790080058,1156.8475811683645,28099.645545197076,0.55,649680.1818348079
65.6893531771866,1119.8997757279883,34642.525936748956,0.55,649619.1867675452
87.06809203204841,1278.0392238270188,28460.519227926703,0.55,649662.0301008616
70.95521203691222,1149.8966141309422,25528.42583826949,0.55,649706.7281479215
74.55893310529864,1176.2526733525765,26725.300938775712,0.55,649691.5966698099
103.89133724108979,1445.195858160388,32185.75270941436,0.55,649604.7189699266
74.10226800534524,1191.4892809520386,27128.30167732118,0.55,649685.7382695125
70.12435090797406,1149.581400314978,31530.85316719428,0.55,649646.7417002902
60.087122530441924,1054.9747947068802,31146.446190875122,0.55,649661.9385627264
86.58662615320085,1280.5725688493808,28108.15695290934,0.55,649665.249722209
69.13754417153159,1147.8758437256595,30794.30859129136,0.55,649654.3118128399
61.50427476857311,1073.2168575440746,33472.33460969134,0.55,649636.4906309978
69.93670262544289,1124.4861514897125,32565.450639599643,0.55,649639.4071554252
95.95323871029206,1331.4888326201783,26707.33424387829,0.55,649673.1479976468
78.37938060066858,1224.4970617720353,33896.20847690517,0.55,649614.0982678183
78.21710429534221,1217.0213107493587,32703.263825925358,0.55,649626.9248044508
66.2021947496532,1111.1889909121128,26684.056809251786,0.55,649699.816752998
53.57597762004686,980.3661748584916,26306.830696934467,0.55,649719.2877520476
76.3037646515455,1208.0479462811861,32113.708835432644,0.55,649633.8971580919
71.03591578221315,1143.3858464970554,30349.96198933488,0.55,649659.294078527
56.28904162195364,1021.7027061720028,32604.233184112138,0.55,649651.3533434183
64.37253385448923,1077.8499177446497,36347.97509949128,0.55,649607.1782588757
74.335610120292,1178.2861727198933,23985.97724778774,0.55,649718.7458867957
71.25298788242402,1127.8046274615126,31018.37114442425,0.55,649654.4797332603
84.62945934991575,1251.9460784760838,31365.768819906953,0.55,649636.1087823838
68.01564581575745,1128.7180382587383,31344.63096475483,0.55,649651.1075257615
85.5699155723746,1273.3662590740034,32235.305834706294,0.55,649624.8429905641
55.25883107295857,1016.3979707749506,25955.094762349152,0.55,649718.4812958835
65.69208085244148,1112.0164293518085,25158.089717573635,0.55,649714.9771313021
63.792631590636844,1080.7438728240984,39140.18743032993,0.55,649578.9088609577
67.89229079831061,1109.2761344513078,24891.88664977422,0.55,649717.9679973682
63.66212065868602,1095.9935329011828,25474.315582152798,0.55,649713.7376202303
92.31441522861218,1345.9630507328286,27198.128096660756,0.55,649666.5031529454
55.443413053993865,1026.375499368252,31960.803349975722,0.55,649657.226906576
79.19624611404488,1205.9905505582997,28257.307572280242,0.55,649672.7080582102
63.540512472749135,1075.6805519349157,30474.920181862228,0.55,649666.1691319492
75.61001124311711,1180.6269924643268,26343.648562866158,0.55,649694.8882752756
99.09294938140444,1380.7807812232115,28141.592173324294,0.55,649652.8903845199
60.228622040476054,1060.8164974576562,30178.425418445615,0.55,649670.9177661206
89.14245844561482,1280.6330145383724,33445.222080523745,0.55,649611.8718174502
69.56051575481112,1145.864617819812,31692.484373091254,0.55,649645.5714021308
75.99139729230804,1173.1023141924065,29369.564647400857,0.55,649665.5320758229
70.76314968507538,1176.0468843403512,32375.122070828504,0.55,649635.1231531709
75.30980662281361,1169.8029026026652,33804.323564279235,0.55,649621.5804160448
68.84968053407917,1114.477706110667,32560.55815036395,0.55,649640.6570937631
54.87550937920584,1012.0520531350902,28229.629086580702,0.55,649696.257462758
61.22529994050308,1057.8589900703696,29247.47816749175,0.55,649680.5821395166
64.84279043185464,1085.9612675866827,26727.496932434464,0.55,649702.4096785652
76.87008325118282,1222.4089880635906,33248.36182847698,0.55,649620.8273031475
78.27154096117778,1235.6490335446426,33386.83592379758,0.55,649617.8537567366
83.10349829788014,1267.7986193210759,31192.96730866653,0.55,649635.9344925948
71.09796272754814,1144.871370028265,37261.507021422665,0.55,649590.0003653823
86.92877210864043,1286.2624077179619,26211.83981795242,0.55,649683.5301128944
79.74176843040655,1242.3496684057243,31527.692699842068,0.55,649635.6411127929
56.69307762546346,1037.4314827273008,31517.78657834089,0.55,649660.3303562893
69.35792041748823,1123.929629075571,24963.192320369686,0.55,649715.4965213073
87.52850339859874,1275.5260766042004,24395.901731827496,0.55,649702.9778534892
83.92676170768988,1255.2380778861027,29126.474857869045,0.55,649658.106682075
83.21468643735665,1255.6045177502695,30805.59535476288,0.55,649641.2715043224
73.27708531995336,1171.5815145374063,28405.912758994287,0.55,649675.3510906656
72.21141819354229,1146.1514293710406,32364.209518890617,0.55,649638.8197332865
64.51350264171698,1115.2411665541765,29730.64477272807,0.55,649668.8646122862
78.45134134348575,1213.2719694435023,30586.320488354544,0.55,649648.5441587833
61.2218814671292,1058.8404730354614,32635.996590589795,0.55,649646.5791773299
67.63271601055683,1106.6787672284502,31283.3721381076,0.55,649654.3648265515
61.070518943727855,1079.7351302026343,29309.77843511041,0.55,649677.3340000246
71.08062789772916,1172.6711509504087,30281.323197869762,0.55,649656.4662299072
83.80597070020113,1256.5595979142106,31353.87792062232,0.55,649635.6740690441
95.09578329291179,1357.5413407272224,29677.97459143888,0.55,649640.3152931983
57.08656912795121,1054.8590791782417,26170.2418109048,0.55,649711.7144923896
89.98577882162445,1295.8283281653205,30880.347196924697,0.55,649635.697128651
87.80384338515185,1284.2819626105415,35261.678806146956,0.55,649593.2693764253
48.52744967009963,958.4801938515313,30125.661379349876,0.55,649683.7257629443
60.93792809908893,1074.314321213371,29431.43668807166,0.55,649676.7679145737
69.26076325141506,1114.3133073646538,24965.447790468876,0.55,649716.6279252116
78.6668141118845,1206.7377642298843,34351.15539831686,0.55,649611.6799143092
76.76130247787914,1200.5342882872717,27825.09777792908,0.55,649677.6849076262
77.85322355288221,1201.0026572369754,27045.544674795998,0.55,649685.4242343836
78.74306490478084,1225.7063419719354,31614.956785015653,0.55,649636.7656711132
44.07133910119287,934.453191710933,33115.259175950334,0.55,649656.7130252352
88.41948716481858,1267.3429360937832,26914.908277993873,0.55,649678.7697648889
78.64992805956369,1218.3745944984737,27786.271754733716,0.55,649675.9323311128
79.03068712959893,1249.017778971308,29077.871180125105,0.55,649659.3391547222
80.72684440832587,1229.6546578968653,33995.93954840155,0.55,649612.4820455683
83.59014337199972,1230.7000491715153,30042.610155788007,0.55,649651.8898925415
62.18420645970613,1075.2666412931897,27267.068654088478,0.55,649698.297316504
63.21254662916515,1081.0847460913487,29077.18486650763,0.55,649679.497981804
67.36649627479729,1101.02402577187,30739.035059733436,0.55,649660.4867663101
57.450960845282836,1047.5172709202463,35907.84990379678,0.55,649615.2194284516
79.24397478755942,1216.635625519858,32761.031936978572,0.55,649626.3934055677
98.15322602227963,1367.203046582705,31321.784515216066,0.55,649622.717789258
78.4619619234403,1223.5196367955014,38972.08190894069,0.55,649563.4568244951
90.76980731863107,1320.8719514075235,32402.57385250818,0.55,649617.469627306
86.41494208082318,1277.6086258963858,25780.3428905196,0.55,649688.8835359872
73.45820554976689,1182.2004349916103,31036.582801875244,0.55,649647.7701197823
64.2778543174993,1107.264570879602,30064.546903084636,0.55,649666.4827824637
68.54507903942721,1114.155108372572,34296.35400928486,0.55,649623.3378469024
78.13315118835963,1191.6967981595883,26643.5227629534,0.55,649690.5611565914
77.37110905828345,1188.2435621474103,31479.428992468573,0.55,649642.6164826177
75.76563443499442,1189.7230347269121,31206.1865892308,0.55,649645.1713699405
67.65183397954824,1095.4887562844763,28490.357182487474,0.55,649683.6377774209
79.81574395396737,1220.0210622660968,27458.064142924057,0.55,649679.0168310988
81.49184871572963,1250.143948537352,25702.029942164805,0.55,649692.962426754
84.21613766067169,1263.2438824552141,37776.03570818295,0.55,649570.6503770236
68.09592028142524,1117.9940661433657,30950.32875087706,0.55,649656.337424554
68.95539143058276,1122.2016330777185,31965.494217484713,0.55,649645.6808618559
60.39888277660259,1044.903200250097,18751.00830861377,0.55,649787.101532884
77.98334476755264,1219.9100010383713,27185.819565755442,0.55,649681.7526042177
67.85988791839017,1106.1415513999111,30989.211705577796,0.55,649657.3708967762
88.37686572340952,1289.0114874780331,25781.777313335264,0.55,649687.5008483692
70.22433743241584,1139.3595634909718,31097.279224002177,0.55,649652.3040601411
72.56855619442746,1174.7696614599506,32102.659949001198,0.55,649638.0010411348
96.21504649898262,1374.212223025152,29250.406619469883,0.55,649642.5904670422
69.6761232045742,1149.8226950507635,28861.18744962411,0.55,649673.4094020977
67.00938557876862,1078.8149325774918,29815.901566449826,0.55,649672.3831924262
72.3147201207759,1175.157488572745,28990.72934536174,0.55,649669.0738079177
52.4811434795297,1003.7508452903171,30528.323434636,0.55,649674.2666642189
70.28020451099597,1160.4101880891385,31377.97562329119,0.55,649646.9710211965
83.88758038386794,1253.2699669876977,31016.965900068226,0.55,649639.4379449608
62.29841270951999,1091.8794257911502,31718.091751160602,0.55,649651.7935513934
73.07379086410366,1168.3889366132232,31877.466864495516,0.55,649641.0186589614
74.1246375119325,1167.4600929698206,29424.032693263583,0.55,649665.664461911
90.04436148189839,1313.3757418043244,32670.39872963423,0.55,649615.6909236872
78.21125039433335,1213.5431766929034,30268.0763017539,0.55,649651.6940557794
79.00337715239782,1235.2354783173964,28256.01805537671,0.55,649669.2115620481
65.42450204819043,1100.3668061511585,25125.49722764906,0.55,649716.7010109853
68.82422557136185,1125.4139954441816,27345.269908267113,0.55,649691.4976214641
110.95797448952305,1494.3428871245735,29194.294144467385,0.55,649628.7359121004
103.87974918484056,1425.6483923493056,32488.361384397005,0.55,649604.0385790742
88.37769649383954,1324.2608973092156,27406.243117636135,0.55,649667.0262611465
64.22884773751207,1105.9063094782782,30322.72476319115,0.55,649664.0639952307
86.77606354821856,1285.4819014277698,31790.06815043894,0.55,649627.8414903242
56.193163652526984,1037.8476628264423,33305.53533991514,0.55,649642.4029270617
67.71541927077648,1127.9485833985634,26939.51761628619,0.55,649695.2509938293
86.39243377169821,1282.0060669896718,26292.11241010007,0.55,649683.2381478602
86.64416256271015,1267.6840843889283,25520.379980322483,0.55,649692.6741100701
74.66293487806539,1198.53173704692,29198.64387198732,0.55,649664.1897528345
69.61619777974438,1098.4526612176387,27127.189562463947,0.55,649696.9137850292
65.92565807767056,1118.1947329590178,33178.03448909925,0.55,649634.036287154
67.52473525573679,1088.3354235551583,30038.530594513526,0.55,649669.0144432283
75.45868504641925,1204.6936749366378,26181.169945634705,0.55,649693.6250595513
80.3169351240045,1243.8773779537844,30783.387164733776,0.55,649642.9008429982
74.58105259748591,1203.1741289611298,29008.26907232828,0.55,649665.5364138014
70.275966918581,1164.4271980967178,26829.68765658567,0.55,649691.9718596624
78.6885010462179,1215.468924336268,27877.382721370974,0.55,649675.369901866
83.18987544952842,1263.0573958631524,26762.96244470276,0.55,649680.8034880494
79.49999300616189,1235.5580709607696,26498.371375504794,0.55,649686.7493177297
64.81070182448411,1091.6401103781513,26241.012955668975,0.55,649706.593057198
95.2590212937535,1344.8353884592407,29928.994182531715,0.55,649639.3298115595
72.87924510632257,1184.7611129233512,26741.65761704853,0.55,649690.4120902787
75.78928331274355,1183.7409928842444,32356.300475543198,0.55,649634.3880760985
93.07826089967747,1352.8933213824946,23074.43188311038,0.55,649706.9084826029
84.51166075880167,1281.8862465197517,27824.789391528127,0.55,649667.9257565023
88.99740529766424,1310.9692721027293,33820.933812794385,0.55,649604.4743492197
81.02313901327406,1238.4808386653003,36526.08923829788,0.55,649586.1214069772
79.01634121593771,1227.271639640978,35590.42855441786,0.55,649596.8231176989
70.7812529346719,1135.6603138692517,32899.731378015116,0.55,649634.7234485556
80.16280894873346,1225.4523703691755,28051.92770015985,0.55,649672.4264385541
67.24056252239583,1117.2271562994158,33192.46966838335,0.55,649634.0080445602
68.79528499684929,1140.5462149534396,27140.25342286384,0.55,649691.731919977
90.67164434987473,1302.4829122591152,31573.912713122747,0.55,649627.9629233978
67.29867886210444,1123.8344066482816,32676.18214937685,0.55,649638.3780497084
80.56521623934988,1228.038063736572,26277.59849881825,0.55,649689.8594473634
88.46660299872806,1302.8003449385749,30279.87212883786,0.55,649640.865237319
82.81192426556602,1245.163688123738,29754.400961239007,0.55,649653.0363478127
83.90448714346788,1247.4740916045798,33966.0478789394,0.55,649610.6426302181
45.252178671766906,926.5653640385337,29978.15151907448,0.55,649689.0306411247
88.362930130888,1311.0110695777144,30372.38976427517,0.55,649638.9547740079
67.65030211506517,1105.791206092641,33674.082758256765,0.55,649630.5642276864
105.63953753153908,1445.8091375645004,27366.825391217975,0.55,649652.8346495802
75.78929333507214,1200.317069161708,29415.172574397213,0.55,649661.8102259566
71.80166741337166,1156.362109031587,34111.27146548656,0.55,649620.1238322613
76.43399546066341,1191.0781479799887,28018.571624818673,0.55,649676.8849059942
59.787480428763914,1060.9244659866818,27385.80009726828,0.55,649698.831063109
89.73560131162006,1310.3085169059145,30943.021755691672,0.55,649633.3327604145
82.3681188581802,1217.2792725219083,28604.4170464334,0.55,649667.882316833
93.35419854157556,1338.226380176705,25184.405929860965,0.55,649687.5687750801
53.46832733086127,1010.2992725665582,26140.509918663527,0.55,649717.3589881054
54.898098848082206,1017.1717594112764,30123.92612676402,0.55,649676.700127603
77.93013195236807,1231.5635251679573,26131.911355325723,0.55,649690.8932634266
77.30461938684698,1189.38790253682,33006.70143267847,0.55,649627.2064373688
65.45481019587722,1095.4710026942912,35280.79799510807,0.55,649615.7354997257
76.72064106797568,1195.125169085178,31366.734252907754,0.55,649642.9176371808
75.4108852606903,1188.763613549035,31661.31116566567,0.55,649640.7352547175
72.57681354501928,1148.1253038755517,31585.559208450337,0.55,649646.3693714505
69.34439913318991,1129.830109305311,28673.523339531665,0.55,649677.685153488
73.17969540174067,1161.8548931222979,29085.597204344966,0.55,649669.7214407818
95.86993511211924,1359.661844476523,25711.65543763541,0.55,649679.7240242865
45.86204023472381,941.709198202577,29298.811589701236,0.55,649694.0067803187
66.49861541768749,1102.0560545995006,32422.667547481375,0.55,649643.5265979733
71.08905859595646,1169.7195730335454,31852.9006637704,0.55,649641.1046445982
49.30208229552807,975.5629505674511,27674.53283254976,0.55,649706.1871176064
95.93111409217727,1371.3496330287398,31539.940656269606,0.55,649620.0386374738
101.68478417963134,1409.8467249654939,29843.75567211059,0.55,649632.380836283
71.17927300118349,1150.5706830355173,30647.742421292307,0.55,649655.4540938227
67.36666230694783,1138.0275140413837,33505.100728013866,0.55,649628.385691035
40.239705573967015,868.6024480541253,27037.492428729835,0.55,649725.3927819462
90.95701262303096,1299.9744512915222,27310.94246806609,0.55,649670.8936411643
87.31633704021826,1288.2090128337409,29064.409041619412,0.55,649654.7708280438
73.98375218489046,1174.8248114144744,27002.85679579534,0.55,649688.9924546723
79.51691006056177,1206.548059932277,30385.13982991956,0.55,649651.3628345089
74.77787108274842,1193.3131184131844,26099.987751765097,0.55,649695.8025482728
73.07461685564586,1181.0452242145052,31049.477475801043,0.55,649647.7797983362
71.06934704664785,1133.6672330773433,32115.658209969246,0.55,649642.803349931
81.81906271050293,1240.8722437259166,29307.397139321653,0.55,649658.0213593597
65.6697993172953,1083.2482798073804,32226.078875364605,0.55,649647.7494176695
76.22033826363817,1191.0994624565792,26149.73765914321,0.55,649695.5706879138
76.2734626530606,1202.666746409424,21952.361861278594,0.55,649736.156371818
76.74140744902985,1192.4251352306817,29109.961510083955,0.55,649665.8093686714
51.902248793796375,1000.8686084538465,28348.54262150683,0.55,649696.4103407704
81.07607071161671,1207.7935926178639,29635.25955543184,0.55,649658.7121733315
51.537696242088714,995.6044690000616,27133.716766793084,0.55,649709.190296052
75.08234684411205,1194.5456878557693,33967.53666526493,0.55,649616.9791508047
77.0972066931371,1198.3604640163346,32722.177361856997,0.55,649628.9749706994
73.71769642886295,1152.392481548326,32065.286910193205,0.55,649641.0600331122
92.05896526508465,1329.931876437153,31190.819032098047,0.55,649628.4999845066
85.82123210509444,1268.7524758124778,29497.98074352437,0.55,649652.7698954673
75.2674983470846,1191.3908196571135,31335.876645698034,0.55,649643.6743351842
85.2056748566056,1272.641090995653,31613.418590091886,0.55,649631.1488831796
84.09743205622026,1256.2082399944015,29818.548551582786,0.55,649651.0695256848
69.22218092504849,1120.0681059128622,30634.587509580266,0.55,649659.2459521947
70.08693687224859,1160.6056859668622,31748.653219886142,0.55,649643.2407854851
63.217320579863575,1082.771561842769,34015.772855204836,0.55,649629.9096840268
65.98810985991891,1126.3794422547567,26142.440729970862,0.55,649703.4100596297
65.1931116860875,1105.4540379471523,28447.009369900294,0.55,649682.8754217473
36.771464330643965,855.4030152603287,30281.812008009503,0.55,649694.5335180887
87.02375893004233,1273.7553615832444,31539.236472571236,0.55,649631.7569918843
72.13143253374163,1165.206173981505,32684.245814689013,0.55,649633.3328009754
81.01539236196157,1216.4878726720858,34492.29323131602,0.55,649609.0985229661
90.87939914907724,1319.130245093755,27169.390481271457,0.55,649670.0104657761
72.41241997259101,1164.703963382849,33872.52933027245,0.55,649621.5102310914
82.00137776074666,1252.364316497769,26227.208624694733,0.55,649687.4441957733
80.58710131629569,1257.974500289364,29591.3121496188,0.55,649653.129938469
92.17695118793672,1323.171088850883,31945.801099375756,0.55,649621.7614583441
62.260848546353124,1083.8857945833952,28142.80161717422,0.55,649688.5056884782
77.9565787937712,1197.9414751606469,33668.17873836287,0.55,649619.5652355971
49.19780382937188,967.4517602105653,28923.05135500904,0.55,649694.6752752246
87.38097736297274,1273.3040096896789,26966.2663734526,0.55,649677.5408551027
72.63438832752543,1158.4182770220668,20334.32287287614,0.55,649757.6465780286
80.2161944251086,1222.8254164820278,35498.107946157324,0.55,649598.2798705606
74.07610916477338,1172.7534602355663,26149.887707571346,0.55,649697.770707696
91.20846318040263,1292.8532437988254,30791.176354214684,0.55,649636.9458472021
73.89472240032383,1162.5875961866248,24648.834388924315,0.55,649714.0011445683
67.70646370156948,1138.638175779225,32192.354721081923,0.55,649641.4398716956
75.45537806181783,1188.1775937520777,32184.743393820725,0.55,649635.5712548116
63.41421212525362,1094.603985874088,25250.005205246678,0.55,649716.1474696427
74.44598175193237,1190.3119270080565,30490.744837996233,0.55,649652.2551203792
50.86598229519834,959.084739075388,29764.32552137712,0.55,649687.2665760972
75.69632369857699,1196.1922451454107,29676.49505765612,0.55,649659.6919800059
70.83639386022001,1162.8566629130664,30038.251172174754,0.55,649660.0746887288
88.9398097081771,1311.0685313445508,27540.195251184945,0.55,649667.2698237267
71.73706166197668,1124.779189377001,31305.086378587643,0.55,649651.9756334889
70.47194864709039,1171.8184637546242,30412.647069787527,0.55,649655.2553136515
60.97468042793187,1070.5761530234565,29295.28862655301,0.55,649678.5779753716
95.23080360253783,1343.6300145964935,26922.277896260042,0.55,649669.5416192858
73.04840275569686,1166.3573393031622,30538.919583338764,0.55,649654.6479234502
75.89397935139878,1191.5959653533812,29505.666805810815,0.55,649661.9518160995
61.27367841031122,1055.966184344228,27040.09127150463,0.55,649702.8831451637
67.18728569116686,1130.3129484276094,29604.695934303218,0.55,649668.3154868457
68.68788982490553,1129.1675965057134,30448.760091233115,0.55,649660.012287507
90.58892506666751,1324.4161814042589,24216.215604251265,0.55,649698.907902189
91.29580802000758,1314.7682683579492,25992.048367927353,0.55,649682.3073241177
96.49034047555449,1384.9308719266612,27656.618753269195,0.55,649657.2421078361
66.5240461175231,1129.849811464166,30174.048014460473,0.55,649662.6775424797
75.92334174701219,1191.073801706746,33649.548537668874,0.55,649620.5756584185
94.2078415930207,1339.5866043760461,28428.849038973414,0.55,649654.9611170852
81.11152131392167,1215.445171785291,29070.93632692526,0.55,649663.4372161165
78.15967690004148,1227.2926192209127,34730.61005852288,0.55,649605.4187851083
63.20460306341707,1114.279605704571,30551.11580305279,0.55,649660.775289285
75.89496307061067,1184.0049838287623,28589.65120731829,0.55,649672.0228898673
85.7618550682565,1286.911576894371,31856.640245342674,0.55,649627.0042083192
74.43631675075174,1163.3574816429461,22192.815947371928,0.55,649738.4689427292
80.02183733732647,1215.9031542783396,29696.622766985292,0.55,649657.1253938167
56.6081634842758,1040.1686021026105,33367.844578201686,0.55,649641.5013219656
66.18459569710473,1108.2339838613634,27546.069033720232,0.55,649691.5512315994
78.11722328014456,1217.057304761935,30918.42775416252,0.55,649644.768845887
49.581296927112795,968.3825227521335,32105.76382017469,0.55,649662.736459068
67.90083370395251,1127.0742202401152,31474.89450321514,0.55,649650.0021485391
81.47851872069319,1266.2340553026831,23615.127651901574,0.55,649711.9006368446
90.73155217400931,1290.720627866422,29233.87447781972,0.55,649652.7747798779
86.63153750590514,1281.2456057212285,31274.21398146036,0.55,649633.5083874988
99.37516998108677,1389.413517470472,29833.5693777531,0.55,649634.934684126
59.269190304597,1044.1176082309362,24948.13173968265,0.55,649725.2245696154
59.08500514083603,1049.158028507995,25849.243462104092,0.55,649715.6086019579
75.09503714362137,1197.2948056606783,27192.575476237864,0.55,649684.3988685583
88.90667132057905,1309.6708784506698,30906.914071600546,0.55,649633.7703538699
80.46652391279363,1220.9945250226012,27721.349939936274,0.55,649676.2671575979
45.32409330868059,942.8690519022049,28704.11489940218,0.55,649699.8145647778
84.97400436453076,1278.9887873740618,27075.37614358883,0.55,649675.7675840793
78.43156015087784,1223.5105199482598,30915.0121618895,0.55,649644.0286159873
84.95925315135582,1263.9831995290024,30521.48289775996,0.55,649643.1071870789
87.57243744775322,1279.1120892837957,29306.516716675647,0.55,649653.4413821192
82.51888748543143,1246.618911374582,31707.421898173205,0.55,649633.3315116533
70.99111511842482,1151.530022546596,28500.227430373237,0.55,649676.8141229907
61.65807499962109,1046.5414775048805,28359.81197488559,0.55,649690.8169029505
53.81695543562368,1020.0188298550609,29402.23456357074,0.55,649683.5753947817
89.5863305442824,1312.9282623824738,25833.05019169753,0.55,649684.1181065972
81.31690372319048,1255.5235087366389,26641.755486543905,0.55,649682.9196240861
57.42653859970645,1073.2362177643472,28857.273056143556,0.55,649682.6389233068
94.03359771074054,1347.147633511335,35072.69464025542,0.55,649587.615337576
73.99413129019993,1179.8764879958244,29411.03614360228,0.55,649664.3044600044
70.50792528686826,1148.6697426231733,25143.708087479077,0.55,649710.7225500104
84.72564859655952,1276.813987747322,30178.18872372588,0.55,649645.0004342331
85.3332459871902,1271.5566997484584,24802.220238957187,0.55,649699.3909936406
48.56979463355676,962.8651280476915,28952.066580680468,0.55,649694.9355188274
57.836502681057524,1042.1435584832416,33836.52714873747,0.55,649636.5775014947
87.75934361381469,1317.1343046622642,27894.200107952864,0.55,649663.001882361
65.92238420387565,1112.1868076502592,30386.08673151624,0.55,649662.6767157668
59.28576647518468,1034.612842867219,35806.31571442129,0.55,649617.7833017117
78.69498652192478,1228.8253817995294,31876.667550168568,0.55,649633.7742786823
52.443783003190006,1001.2359979605254,27449.92977038381,0.55,649705.3523825409
61.831945587758796,1089.03257227767,27908.216890573945,0.55,649690.2339224209
78.55589187752825,1211.6452460413188,33551.64751684037,0.55,649619.0860953067
70.2047804514269,1139.210950970275,26490.94188054469,0.55,649698.3852670781
60.014391527624106,1047.143716172615,33011.78733518629,0.55,649644.2248807073
83.5198434656559,1231.521859037582,26954.37066365774,0.55,649682.673670279
90.39080019162492,1297.809454266959,26154.803464289824,0.55,649682.714830845
104.00905096782296,1399.264428660146,32932.39949692368,0.55,649602.7642735916
71.75753244099538,1155.2151129349545,30022.511180569305,0.55,649661.1490746421
79.64605950879839,1237.988218006933,29913.41834510536,0.55,649652.307230388
85.4202538881926,1278.6152537395292,36399.91459490175,0.55,649582.5670236022
79.26617137825441,1219.5806402064927,27006.256451872225,0.55,649683.5877586565
49.886496636412694,938.7584014650038,31322.20332354262,0.55,649674.1269585887
80.39498591603075,1213.2862391183382,34052.73060680454,0.55,649613.8783452378
67.24447191286474,1095.988525731979,28317.614555769585,0.55,649685.3052313545
77.90593984298265,1212.2750319436468,35454.5147451925,0.55,649599.9818487149
81.84844894265882,1223.1438126613086,28199.367329224086,0.55,649671.2290691885
86.48247705952983,1283.0097759960552,27277.12906253523,0.55,649673.2675362552
82.55942630781259,1225.9816807737711,31846.724790520195,0.55,649634.414950402
76.36742866102202,1187.4988626357015,34254.538252003375,0.55,649614.9547539636
83.03265460248522,1264.3662898769073,26480.90508269681,0.55,649683.4669943878
71.57240762425363,1173.0259696745125,24663.4882028285,0.55,649712.6020016107
60.672192397022705,1050.693036869343,34312.67646133102,0.55,649630.7900709624
54.720737264906745,1014.1533128415168,30028.040119824862,0.55,649678.0212012609
73.2284978569664,1169.5421526714351,30050.663091803777,0.55,649659.1483107614
59.863109624480614,1045.8346569581543,27030.428149183066,0.55,649704.1955596732
85.1926396678415,1261.9580000272588,30552.411535739942,0.55,649643.0409246393
63.52533745885598,1104.8218249793056,28527.86240986711,0.55,649682.1427569039
68.16022549602404,1125.0185058292282,35180.79492841855,0.55,649613.1898300162
98.97827491845854,1384.678249539113,26789.4673096403,0.55,649665.9439369589
97.04284964462701,1371.0784347144056,31323.778869649996,0.55,649622.2327991377
74.06915371546576,1188.3914661121873,33771.12926985519,0.55,649619.6817313681
80.75494492965534,1243.4817204494468,30562.224481651232,0.55,649645.1599487296
77.79545607160205,1192.4801149467983,30645.414951004885,0.55,649650.4482366964
70.37277862196069,1146.4453805831906,33498.69091676265,0.55,649627.4396451624
92.64585258982655,1342.8194013291939,29970.314987799775,0.55,649639.1585219626
81.15121955371274,1217.422485093597,30102.754545343443,0.55,649652.8817563354
59.32761377088994,1049.6528079232605,30131.46479973139,0.55,649672.727015052
79.78943209724892,1212.9897492631226,30425.439562236505,0.55,649650.1868344661
86.49028582874817,1285.3437764480766,27778.862048538736,0.55,649667.9701263409
63.804055673681304,1096.0163916705142,28158.285886988207,0.55,649686.8951741296
77.59364417107578,1215.015865931937,27619.370780037952,0.55,649678.0043882878
90.68963453807125,1308.4162023642434,29104.79989847526,0.55,649651.9420567314
86.83779632191846,1326.5108739266338,31702.81665490596,0.55,649623.7905285797
93.62608244694432,1327.19558165724,26887.259411280593,0.55,649671.8639360884
79.4761297568093,1211.0829613513572,31387.455561609335,0.55,649640.7954890218
87.35312854349009,1289.9125375025794,29458.679177774462,0.55,649650.6237037219
66.19763415058333,1110.2489126101113,33530.10426077883,0.55,649631.469087879
78.96746930016265,1236.148802577019,28727.031672347654,0.55,649664.3918269672
83.92697266787695,1259.9640974891345,28144.676418686257,0.55,649667.3575441145
79.29511382883742,1231.79012358926,29197.732386611176,0.55,649660.2078613032
50.01815862848045,1008.9940858716778,27465.65334818799,0.55,649704.2641762135
73.36246687208008,1173.713320555227,31381.45375397616,0.55,649645.3398639937
72.71986154493693,1156.8130086295348,29749.35854021959,0.55,649663.6888535623
88.48401035382759,1305.2718229563745,30353.24793762509,0.55,649639.834901869
79.90068126890435,1224.8175256832628,23428.446017970753,0.55,649718.7374367382
58.59840771769737,1059.397412024296,31043.526570047106,0.55,649662.4370448566
72.51318941561071,1142.4685294904307,31418.441553454944,0.55,649648.7193609265
62.48654174200764,1086.6090546228013,32025.65737115509,0.55,649649.3503397338
75.70630642061501,1175.3142577910019,33444.63636117236,0.55,649624.5159254534
89.89567623292284,1315.7520703270927,28098.80538567663,0.55,649661.121697704
63.739230053009685,1112.3078173872739,33844.63404974682,0.55,649628.0767214161
78.49590273364836,1205.0387046499698,29408.782713587178,0.55,649661.307528306
63.93160012291435,1105.9119287786846,23597.63453898845,0.55,649731.3142231567
64.55823458984267,1129.557076194544,30174.311637028008,0.55,649662.7100344864
82.23317269545116,1258.855126749662,31017.53069554916,0.55,649638.7620778346
80.83761797104543,1243.9424678763055,29827.25578791459,0.55,649652.4543459758
64.30788228599589,1110.282830919186,34383.20235812363,0.55,649622.9340367084
44.57810805312347,911.7360457849038,25234.83048340331,0.55,649738.2433696719
56.395335216041595,1031.1291173358081,21806.03382255158,0.55,649758.2041676941
63.52967222698946,1091.6455713229711,28124.181194195975,0.55,649687.7607194993
92.61100377707677,1350.8356545951474,33191.712573761404,0.55,649605.9825957109
101.19120138552776,1393.8986332480288,30794.08844799694,0.55,649624.7912795303
68.05366257202209,1119.6475924017816,28637.614021706908,0.55,649679.2661486947
66.08934794685116,1111.6319250853546,26798.772685158172,0.55,649698.6164421382
65.34282449847082,1093.5627040995987,27628.65298073488,0.55,649692.4859457007
88.6110797397333,1292.5602436035388,24570.71041043111,0.55,649699.1856666632
60.4417181299902,1059.3514165538984,32801.40759322122,0.55,649644.8637540813
109.3597162666382,1488.9522385650073,32401.703476893268,0.55,649597.3086966033
79.21070176818336,1213.376271347504,28832.348079897132,0.55,649666.0713666393
80.4712902014216,1215.300835956763,28959.079549556038,0.55,649664.5731041896
76.17483059501298,1189.5714882414998,30713.190582638752,0.55,649650.1195155847
89.13700195024165,1289.1038712258403,32361.384114906934,0.55,649621.6936943039
73.35965182475873,1162.2918090560954,31222.74732569532,0.55,649648.2975096563
69.394907305206,1153.256072046245,30567.03204539598,0.55,649655.9389509006
89.59638727510838,1279.3833616550478,30908.07410247991,0.55,649637.3932555766
82.183403949585,1215.4841034265107,26481.598616138395,0.55,649689.3259214275
73.74853529337027,1192.3458127222993,36333.68273598989,0.55,649593.5816751134
65.58641695835985,1106.9336295153864,28170.31882498075,0.55,649685.4647762083
77.85716879756832,1195.3629539269202,31007.967746617964,0.55,649646.4767680626
73.87403605066243,1174.4866971241229,29769.07918543795,0.55,649661.3708044908
67.2652158756419,1139.1459883279374,29272.84299852602,0.55,649670.5740514154
94.25783707235684,1331.1698102798814,27564.53709681089,0.55,649664.6142517983
83.86888259005792,1255.4612385859245,29595.534177343878,0.55,649653.3893095963
69.81262973292684,1132.2897804128243,28409.971236063182,0.55,649680.0255139899
66.09944097518253,1113.842064250066,33438.97656058776,0.55,649631.9491866841
64.12219112171434,1095.2127198842925,29933.272376073353,0.55,649669.2417498531
62.751807718039274,1096.689700775141,36558.8716548737,0.55,649602.8085193583
65.1898311452693,1120.7499457470083,27720.669735905325,0.55,649688.3033091512
76.18970520298384,1165.7663108261481,25423.96689738419,0.55,649705.8683737271
75.39359417269512,1194.0963064184616,28214.587319687547,0.55,649674.5625700329
58.10601558059466,1025.6392553187266,28948.311595085317,0.55,649687.4401734109
68.79285174774911,1123.4539860400873,32383.279859192087,0.55,649641.3527230832
65.12740636702328,1109.2298053067568,30380.08274187769,0.55,649663.0915959444
80.39940313994938,1222.5036277827037,22145.213873619672,0.55,649731.84742593
63.628449674115544,1070.6910850330444,32522.74726499396,0.55,649646.2895971461
58.543522148690336,1033.9887159709965,28279.10729657775,0.55,649693.1302811176
61.57742901170613,1064.3453554038808,29282.97600988571,0.55,649679.4487972527
94.72603032723877,1358.3534574464607,23307.955803490073,0.55,649703.9180270715
